bookId,providerId,providerSource,mediaType,isbnId,title,author,genres,narrator,seriesName,numBooksInSeries,bookNumInSeries,addedAtDateTime,usageStatus,lastPlayedAtDateTime,lastPositionMins,userRating,userEditedAtDateTime,createdAtDateTime,updatedAtDateTime
014d9fbe-4e22-44ca-b370-71663eb88dfc,B0BDNMLGFW,audible,audiobook,9.78152E+12,Failure Mode,Craig Alanson,"Science Fiction, Military, Space Opera, Humor",R.C. Bray,Expeditionary Force: Mavericks,3,3,2023-08-10 05:09:28.137+00,COMPLETED,,,8,,2025-08-17 12:54:27.978103+00,2025-08-17 12:54:27.978103+00
01cf7053-2fd7-44e7-8a58-0ef1618e2f9d,B002V0JZOO,audible,audiobook,9.78079E+12,The Lightning Thief,Rick Riordan,"Fantasy, Young Adult",Jesse Bernstein,Percy Jackson and the Olympians,0,1,2021-05-22 21:47:36.613+00,COMPLETED,,,8,,2025-08-17 12:54:27.978103+00,2025-08-17 12:54:27.978103+00
023d4b1f-7594-4833-80d1-aab036dbeb2f,B07PP44743,audible,audiobook,9.78198E+12,Outland,Dennis E. Taylor,"Science Fiction, Multiverse, Thriller",Ray Porter,Quantum Earth,2,1,2019-06-01 04:15:16.893+00,COMPLETED,,,10,,2025-08-17 12:54:27.978103+00,2025-08-17 12:54:27.978103+00
02deee5a-f728-4efc-9238-b694988e3433,B088X5X8XJ,audible,audiobook,9.78152E+12,A Change of Plans,Karen Tuft,"Romance, Contemporary",Neil Hellegers,,0,0,2020-11-03 21:16:56.889+00,COMPLETED,,,0,,2025-08-17 12:54:27.978103+00,2025-08-17 12:54:27.978103+00
03befcc7-61ad-4d0c-b287-3a0c4d2ada6b,B06ZZT37HZ,audible,audiobook,9.7815E+12,Hearts and Minds,Dayton Ward,"Science fiction, Star Trek",Robert Petkoff,Star Trek : The Next Generation,0,0,2017-06-13 23:55:43.098+00,COMPLETED,,,0,,2025-08-17 12:54:27.978103+00,2025-08-17 12:54:27.978103+00
05295dbd-b8c3-446c-878d-8108118c39c2,B07BRZJYH6,audible,audiobook,9.78148E+12,Dry,"Neal Shusterman, Jarrod Shusterman","Young Adult, Dystopian","Neal Shusterman, Jarrod Schusterman, Jenni Barber, Michael Crouch, Noah Galvin, Kivlighan de Montebello, Candace Thaxton",,0,0,2019-09-10 02:24:28.95+00,COMPLETED,,,0,,2025-08-17 12:54:27.978103+00,2025-08-17 12:54:27.978103+00
05f4b45b-c555-45be-a947-0284f7f217b6,B002V8L8KU,audible,audiobook,9.78142E+12,The Battle of the Labyrinth,Rick Riordan,"Fantasy, Young Adult",Jesse Bernstein,Percy Jackson and the Olympians,0,4,2021-06-18 16:49:21.49+00,COMPLETED,,,8,,2025-08-17 12:54:27.978103+00,2025-08-17 12:54:27.978103+00
06230e84-315b-46c9-9481-ba152b101081,B01L082HJ2,audible,audiobook,9.78059E+12,We Are Legion (We Are Bob),Dennis E. Taylor,"Science Fiction, Space Opera, AI Fiction",Ray Porter,Bobiverse,5,1,2019-07-06 20:27:05.484+00,COMPLETED,,,10,,2025-08-17 12:54:27.978103+00,2025-08-17 12:54:27.978103+00
0630276f-7f98-4050-aca2-558387c6166a,B0716H7M7K,audible,audiobook,9.78197E+12,The Egg and Other Stories,Andy Weir,"Science Fiction, Short Stories","Jonathan Davis, Christy Romano, R.C. Bray",,0,0,2023-11-22 05:25:11+00,COMPLETED,,,2,,2025-08-17 12:54:27.978103+00,2025-08-17 12:54:27.978103+00
0681bccf-5bf0-4f17-9f88-6dec6532b4b2,B01DMPAQVW,audible,audiobook,9.78153E+12,"Dark New World, Book 1",Henry Gene Foster & J. J. Holden,Post-Apocalyptic Survival,Kevin Pierce,Dark New World,0,1,2016-06-10 18:30:12.937+00,COMPLETED,,,0,,2025-08-17 12:54:27.978103+00,2025-08-17 12:54:27.978103+00
06a1b532-ad59-4297-902f-fbef3b282fd6,B00E3U3IB6,audible,audiobook,9.78077E+12,Ender's Game Alive: The Full Cast Audioplay,Orson Scott Card,"Science fiction, Audio drama",Full Cast Recording,The Ender Saga,0,0,2014-06-26 02:40:59.587+00,COMPLETED,,,0,,2025-08-17 12:54:27.978103+00,2025-08-17 12:54:27.978103+00
072ae4c6-34da-45eb-bacd-b4a60faa14a6,B07341FZDC,audible,audiobook,9.78167E+12,All These Worlds,Dennis E. Taylor,"Science Fiction, Space Opera, AI Fiction",Ray Porter,Bobiverse,5,3,2019-07-22 03:48:23.252+00,COMPLETED,,,10,,2025-08-17 12:54:27.978103+00,2025-08-17 12:54:27.978103+00
0798c434-9824-4673-b774-09d5ac738031,B01IWL0MZG,audible,audiobook,9.78194E+12,Ichabod,Mark Goodwin,"Christian fiction, Post-apocalyptic",Kevin Pierce,"Seven Cows, Ugly and Gaunt",0,2,2017-04-04 23:06:27.486+00,COMPLETED,,,0,,2025-08-17 12:54:27.978103+00,2025-08-17 12:54:27.978103+00
0910b336-06f5-4936-aeca-9b0ff46db4f2,B01MAXWRG2,audible,audiobook,9.78154E+12,Turning Point: A Post-Apocalyptic EMP Survival Fiction Series,Bobby Akart,Post-Apocalyptic Fiction,Kevin Pierce,The Blackout Series,0,3,2016-12-08 00:27:57.147+00,COMPLETED,,,0,,2025-08-17 12:54:27.978103+00,2025-08-17 12:54:27.978103+00
0a747342-e349-4c45-b201-9b995d5c2307,B09FR4D8MC,audible,audiobook,9.78152E+12,Fallout,Craig Alanson,"Science Fiction, Military, Space Opera, Humor",R.C. Bray,Expeditionary Force,20,13,2023-07-10 01:40:06.941+00,COMPLETED,,,8,,2025-08-17 12:54:27.978103+00,2025-08-17 12:54:27.978103+00
0a87338d-1049-4899-85da-541a7aab8a70,B00479YPVU,audible,audiobook,9.78156E+12,65 Signs of the Times,David J. Ridges,"Religion, Prophecy",David Ridges,,0,0,2015-12-31 05:53:17.701+00,COMPLETED,,,0,,2025-08-17 12:54:27.978103+00,2025-08-17 12:54:27.978103+00
0b1273dc-ce6f-4bbc-b658-83c0ba7065c8,B07FNRXG9C,audible,audiobook,9.78082E+12,Hawaii's Story by Hawaii's Queen,Liliuokalani,"Autobiography, History",Emily Woo Zeller,,0,0,2023-01-23 19:41:55+00,COMPLETED,,,0,,2025-08-17 12:54:27.978103+00,2025-08-17 12:54:27.978103+00
0bd0611f-cb9d-465b-af70-2eab73f63e16,B0036KOB74,audible,audiobook,9.78006E+12,Pirate Latitudes,Michael Crichton,"Historical fiction, Adventure",John Bedford Lloyd,,0,0,2009-12-01 04:59:50+00,COMPLETED,,,0,,2025-08-17 12:54:27.978103+00,2025-08-17 12:54:27.978103+00
0bef37ff-25bb-4db9-8051-616ea3c74c3b,B07F1C42GT,audible,audiobook,9.7815E+12,#Moonstruck,Sariah Wilson,"Romance, Young Adult",Lauren Ezzo,A #Lovestruck Novel,0,0,2025-04-07 01:28:32.399+00,COMPLETED,,,0,,2025-08-17 12:54:27.978103+00,2025-08-17 12:54:27.978103+00
0e9497a9-1a6e-4e8a-938c-75e19f8a38ef,B002V1A088,audible,audiobook,9.78031E+12,Dawn's Light,Terri Blackstock,"Christian Fiction, Post-Apocalyptic, Suspense",Susie Breck,Restoration,4,4,2013-05-19 20:42:04+00,COMPLETED,,,5,,2025-08-17 12:54:27.978103+00,2025-08-17 12:54:27.978103+00
10297a54-ab98-48ac-b073-664d4437c5ae,B002V5BDXK,audible,audiobook,9.78033E+12,Pandora's Star,Peter F. Hamilton,"Science Fiction, Space Opera",John Lee,Commonwealth Saga,0,0,2024-05-28 23:31:12+00,COMPLETED,,,0,,2025-08-17 12:54:27.978103+00,2025-08-17 12:54:27.978103+00
1105bcf8-e2f8-47a9-83de-989f0df0bb87,B017V4NUPO,audible,audiobook,9.78044E+12,Harry Potter and the Goblet of Fire,J.K. Rowling,"Fantasy, Young Adult",Jim Dale,Harry Potter,0,4,2016-07-28 17:01:23.657+00,COMPLETED,,,10,,2025-08-17 12:54:27.978103+00,2025-08-17 12:54:27.978103+00
113723bd-b5c7-44e3-a9c6-3c6de7c2146f,1772308633,audible,audiobook,9.78152E+12,Renegades,Craig Alanson,"Science Fiction, Military, Space Opera, Humor",R.C. Bray,Expeditionary Force,20,7,2023-01-08 01:13:01.027+00,COMPLETED,,,8,,2025-08-17 12:54:27.978103+00,2025-08-17 12:54:27.978103+00
1174f7a0-3e5f-453d-9171-5e297d171f78,B0CW23CC7L,audible,audiobook,9.78167E+12,Not Till We Are Lost,Dennis E. Taylor,"Science Fiction, Space Opera, AI Fiction",Ray Porter,Bobiverse,5,5,2024-09-05 07:05:51.098+00,COMPLETED,,,10,,2025-08-17 12:54:27.978103+00,2025-08-17 12:54:27.978103+00
130c798d-ab3e-4e03-bfec-5715d463e486,B082BHJMFF,audible,audiobook,9.7808E+12,The Martian,Andy Weir,Science Fiction,Wil Wheaton,,0,0,2022-02-28 06:14:04.914+00,COMPLETED,,,10,,2025-08-17 12:54:27.978103+00,2025-08-17 12:54:27.978103+00
13622394-b042-47ef-a519-a1a908699137,B002UUKHII,audible,audiobook,9.78014E+12,The Art of Seduction,Robert Greene,"Self-help, Psychology",Jeff David,,0,0,2024-01-07 06:35:09+00,COMPLETED,,,0,,2025-08-17 12:54:27.978103+00,2025-08-17 12:54:27.978103+00
13b6a3d8-5d58-4122-bd79-6d37c000be6c,B07BHVWFSM,audible,audiobook,9.78198E+12,The Singularity Trap,Dennis E. Taylor,"Science Fiction, First Contact, Space Opera",Ray Porter,,0,0,2019-06-04 10:20:19.06+00,COMPLETED,,,10,,2025-08-17 12:54:27.978103+00,2025-08-17 12:54:27.978103+00
13f46c5b-346e-4eef-aabd-bb17dbcf6bf5,B00OQI2MAS,audible,audiobook,9.7815E+12,Omega Rising,Joshua Dalzelle,"Science Fiction, Space Opera",Paul Heitsch,Omega Force,0,1,2025-05-29 00:11:46.026+00,COMPLETED,,,0,,2025-08-17 12:54:27.978103+00,2025-08-17 12:54:27.978103+00
141300cb-5133-4801-9b2e-439ce762d17c,B002ZPMVU0,audible,audiobook,9.78157E+12,Patriots,James Wesley Rawles,"Survival, Thriller",Dick Hill,Founders,0,0,2010-03-27 14:17:29+00,COMPLETED,,,0,,2025-08-17 12:54:27.978103+00,2025-08-17 12:54:27.978103+00
1448506b-580e-4d4f-9a6b-cd340b54fa7c,B00A6SKLFA,audible,audiobook,9.78159E+12,Palace of Stone,Shannon Hale,"Fantasy, Young Adult",Cynthia Bishop,Princess Academy,0,2,2024-01-07 15:11:19+00,COMPLETED,,,0,,2025-08-17 12:54:27.978103+00,2025-08-17 12:54:27.978103+00
14a14cb6-0989-46d9-8cf5-3bccd8309a95,177424361X,audible,audiobook,9.78152E+12,Critical Mass,Craig Alanson,"Science Fiction, Military, Space Opera, Humor",R.C. Bray,Expeditionary Force,20,10,2023-05-17 22:23:12.664+00,COMPLETED,,,8,,2025-08-17 12:54:27.978103+00,2025-08-17 12:54:27.978103+00
16059c70-5673-4d4b-bc20-5a8aac1ab34a,B002VA3RFC,audible,audiobook,9.78049E+12,Walden,Henry David Thoreau,"Philosophy, Memoir",Mel Foster,,0,0,2024-06-12 22:40:32+00,COMPLETED,,,0,,2025-08-17 12:54:27.978103+00,2025-08-17 12:54:27.978103+00
1674f987-5482-4f94-a98a-a5ccf5eee753,B07C5619RH,audible,audiobook,9.78198E+12,Deceptions,Craig Alanson,"Science Fiction, Space Opera",Tim Gerard Reynolds,Ascendant,0,3,2025-04-10 05:08:19.291+00,COMPLETED,,,0,,2025-08-17 12:54:27.978103+00,2025-08-17 12:54:27.978103+00
16b7de52-2238-4690-982e-9ef8bb93d349,B01HOSL6XK,audible,audiobook,9.78098E+12,Under a Tell-Tale Sky,R. E. McDermott,"Post-apocalyptic, Fiction",Kevin Pierce,Disruption,0,1,2017-02-04 01:26:23.493+00,COMPLETED,,,0,,2025-08-17 12:54:27.978103+00,2025-08-17 12:54:27.978103+00
17170157-c2b4-4228-b4d9-40a329bc78f4,1984842765,audible,audiobook,9.78198E+12,"The Power of Zero, Revised and Updated",David McKnight,"Finance, Retirement Planning",Marc Cashman,,0,0,2019-09-01 17:14:00.648+00,COMPLETED,,,0,,2025-08-17 12:54:27.978103+00,2025-08-17 12:54:27.978103+00
17d8c5d1-53ba-41dc-aca7-490dea564545,B002V8N37Q,audible,audiobook,,Your First Listen,Steve Martin,"Humor, Audiobook",test,,0,0,2009-12-01 04:59:51+00,COMPLETED,,,0,,2025-08-17 12:54:27.978103+00,2025-08-17 12:54:27.978103+00
17f3ac04-1ec2-4117-8d25-f2052d0e091f,1713551624,audible,audiobook,9.78154E+12,The Seat Filler,Sariah Wilson,"Romance, Contemporary",Kate Marcin,,0,0,2021-09-03 14:57:53.354+00,COMPLETED,,,0,,2025-08-17 12:54:27.978103+00,2025-08-17 12:54:27.978103+00
18497992-92f8-4a3c-8a0d-56ffee70e72f,B006P16FE8,audible,audiobook,9.78031E+12,America the Beautiful,"Ben Carson, Candy Carson","Autobiography, Politics",Dion Graham,,0,0,2014-09-01 04:47:55.388+00,COMPLETED,,,0,,2025-08-17 12:54:27.978103+00,2025-08-17 12:54:27.978103+00
19ff67bf-045a-41ba-9e4b-9a7f332e1c47,B002V189C2,audible,audiobook,9.78031E+12,True Light,Terri Blackstock,"Christian Fiction, Post-Apocalyptic, Suspense",Susie Breck,Restoration,4,3,2013-05-19 20:42:04+00,COMPLETED,,,5,,2025-08-17 12:54:27.978103+00,2025-08-17 12:54:27.978103+00
1ae9c46b-5ccc-4fd1-b7b3-f22b14ecb5ec,B076QPTJH9,audible,audiobook,9.781E+12,Ascendant,Michael R. Miller,"Fantasy, Dragons, Epic Fantasy",Tim Gerard Reynolds,Songs of Chaos,5,1,2025-03-15 16:13:01+00,COMPLETED,,,0,,2025-08-17 12:54:27.978103+00,2025-08-17 12:54:27.978103+00
1c10de46-7bd5-4620-8774-02566014fed8,B00AN940BS,audible,audiobook,9.7815E+12,77 Days in September,Ray Gorham,"Apocalyptic, Fiction",Joseph Morton,Kyle Tait,0,0,2013-01-31 11:16:41+00,COMPLETED,,,0,,2025-08-17 12:54:27.978103+00,2025-08-17 12:54:27.978103+00
1c2196f8-1ae9-465f-b3c6-a3010c0d803e,B002UZZDI2,audible,audiobook,9.78142E+12,The Titan's Curse,Rick Riordan,"Fantasy, Young Adult",Jesse Bernstein,Percy Jackson and the Olympians,0,3,2021-06-03 21:26:05.322+00,COMPLETED,,,8,,2025-08-17 12:54:27.978103+00,2025-08-17 12:54:27.978103+00
1d051edf-241a-4bf4-948d-580cd4b490df,B017V4NMX4,audible,audiobook,9.78044E+12,Harry Potter and the Order of the Phoenix,J.K. Rowling,"Fantasy, Young Adult",Jim Dale,Harry Potter,0,5,2016-08-14 22:20:03.77+00,COMPLETED,,,10,,2025-08-17 12:54:27.978103+00,2025-08-17 12:54:27.978103+00
1d3de2b2-b8c5-4493-a92a-e3eb23e8ed47,B002V1O7UU,audible,audiobook,9.78077E+12,One Second After,William R. Forstchen,"Science fiction, Post-apocalyptic, Thriller",Joe Barrett,A John Matherson Novel,0,0,2010-03-19 19:51:54+00,COMPLETED,,,0,,2025-08-17 12:54:27.978103+00,2025-08-17 12:54:27.978103+00
1d5d546c-0a89-426e-8ca1-0d328e87e2b7,B071438NCM,audible,audiobook,9.78152E+12,Paradise,Craig Alanson,"Science Fiction, Military, Space Opera, Humor",R.C. Bray,Expeditionary Force,20,3,2022-12-06 19:12:00.938+00,COMPLETED,,,8,,2025-08-17 12:54:27.978103+00,2025-08-17 12:54:27.978103+00
1eb6c1e2-fbf0-418b-9fa3-e10add0085cd,B01BH800OO,audible,audiobook,,Braving the Storms,Kyle Pratt,Post-Apocalyptic Fiction,Kevin Pierce,Strengthen What Remains,0,3,2016-03-18 22:31:09.598+00,COMPLETED,,,0,,2025-08-17 12:54:27.978103+00,2025-08-17 12:54:27.978103+00
1f30c09c-6a5b-45ba-a88e-5fca37525d62,B07MT4MTGP,audible,audiobook,9.78134E+12,The Mystwick School of Musicraft,Jessica Khoury,"Fantasy, Young Adult",Suzy Jackson,The Mystwick School of Musicraft,0,0,2019-09-12 20:00:09.035+00,COMPLETED,,,0,,2025-08-17 12:54:27.978103+00,2025-08-17 12:54:27.978103+00
21224a0f-f697-413c-85c3-8546319d2b58,B002V1O1HO,audible,audiobook,9.78079E+12,Relationship Rescue,Dr. Phil McGraw,"Self-help, Relationships",Phil McGraw,,0,0,2020-01-11 11:52:37.952+00,COMPLETED,,,0,,2025-08-17 12:54:27.978103+00,2025-08-17 12:54:27.978103+00
22b36d16-ec4c-407d-be59-50565b8a098c,B017V4JA2Q,audible,audiobook,9.78044E+12,Harry Potter and the Prisoner of Azkaban,J.K. Rowling,"Fantasy, Young Adult",Jim Dale,Harry Potter,0,3,2016-06-24 21:48:22.968+00,COMPLETED,,,10,,2025-08-17 12:54:27.978103+00,2025-08-17 12:54:27.978103+00
234b10e1-c218-4485-a6c2-5e13c5894ae5,B077W11Q3M,audible,audiobook,9.78191E+12,Transcendent,Michael R. Miller,"Fantasy, Dragons, Epic Fantasy",Tim Gerard Reynolds,Songs of Chaos,5,2,2025-04-07 04:08:07.963+00,COMPLETED,,,0,,2025-08-17 12:54:27.978103+00,2025-08-17 12:54:27.978103+00
23551736-fe2f-4011-bffa-7bd2fac6654f,B082P5ZTHD,audible,audiobook,9.78032E+12,Interview with the Robot,Lee Bacon,"Science Fiction, Young Adult","Kevin T. Collins, Ellen Archer, Josh Hurley, Eileen Stevens, Erin Mallon, Jonathan Davis, Stephen Bel Davies",,0,0,2020-01-03 11:54:23.95+00,COMPLETED,,,0,,2025-08-17 12:54:27.978103+00,2025-08-17 12:54:27.978103+00
24010483-9391-4576-b12f-820d53a236e3,1980035962,audible,audiobook,9.78032E+12,Leviathan Falls,James S. A. Corey,"Science Fiction, Space Opera",Jefferson Mays,The Expanse,0,9,2024-01-11 09:39:21+00,COMPLETED,,,0,,2025-08-17 12:54:27.978103+00,2025-08-17 12:54:27.978103+00
25f18245-aeaf-4254-aa6d-6fe32c4f0d29,B01L082HJ2,audible,audiobook,9.78059E+12,We Are Legion (We Are Bob),Dennis E. Taylor,"Science Fiction, Space Opera, AI Fiction",Ray Porter,Bobiverse,5,1,2019-07-06 20:27:05.484+00,COMPLETED,,,10,,2025-08-17 12:54:27.978103+00,2025-08-17 12:54:27.978103+00
269c616a-aa87-47b5-bc21-e02ea4023914,B0DRPQFHHW,audible,audiobook,9.78152E+12,Gateway,Craig Alanson,"Science Fiction, Military, Space Opera, Humor",R.C. Bray,Expeditionary Force,20,18,2025-04-29 07:01:47.606+00,COMPLETED,,,8,,2025-08-17 12:54:27.978103+00,2025-08-17 12:54:27.978103+00
26a3f936-4f8f-4885-8f90-c5cc1cf328c3,B075H458QQ,audible,audiobook,9.78155E+12,Angel of the Abyss,Mark Goodwin,"Christian, Science Fiction, Fantasy",Kevin Pierce,The Days of Elijah,4,3,2017-10-27 03:04:43.819+00,COMPLETED,,,0,,2025-08-17 12:54:27.978103+00,2025-08-17 12:54:27.978103+00
26e2ddc3-fdf7-4828-83c5-778d78af85fd,B002V5BV96,audible,audiobook,9.78067E+12,How to Win Friends & Influence People,Dale Carnegie,"Self-help, Business",Andrew MacMillan,,0,0,2015-10-27 16:34:32.739+00,COMPLETED,,,0,,2025-08-17 12:54:27.978103+00,2025-08-17 12:54:27.978103+00
270369d2-197d-45d6-9c12-848f7a7a6b3a,B01C9593OC,audible,audiobook,9.78194E+12,"Behold, Darkness and Sorrow",Mark Goodwin,"Christian fiction, Post-apocalyptic",Kevin Pierce,"Seven Cows, Ugly and Gaunt",0,1,2017-03-30 03:37:39.404+00,COMPLETED,,,0,,2025-08-17 12:54:27.978103+00,2025-08-17 12:54:27.978103+00
271a2a45-8702-4c0f-93cb-d4f06365ab3f,B07YGWVDV8,audible,audiobook,9.78194E+12,Carrion,Mark Goodwin,"Christian Fiction, Thriller",Kevin Pierce,Black Swan,0,2,2020-04-28 04:24:10.804+00,COMPLETED,,,0,,2025-08-17 12:54:27.978103+00,2025-08-17 12:54:27.978103+00
2aa8dcf6-5749-46be-9554-63e62b288932,1774246775,audible,audiobook,9.78178E+12,The Salvage Crew,Yudhanjaya Wijeratne,"Science Fiction, Space Opera",Nathan Fillion,Salvage Crew,0,0,2023-04-10 17:33:00.969+00,COMPLETED,,,0,,2025-08-17 12:54:27.978103+00,2025-08-17 12:54:27.978103+00
2af96f63-179f-4410-a993-4c053eb2a507,B00T89S484,audible,audiobook,9.78031E+12,Kingpin,Kevin Poulsen,"True crime, Technology",Eric Michael Summerer,,0,0,2018-01-04 18:45:58.266+00,COMPLETED,,,0,,2025-08-17 12:54:27.978103+00,2025-08-17 12:54:27.978103+00
2cab84d3-f1ab-4205-bffc-2271fb43b932,B071438NCM,audible,audiobook,9.78152E+12,Paradise,Craig Alanson,"Science Fiction, Military, Space Opera, Humor",R.C. Bray,Expeditionary Force,20,3,2022-12-06 19:12:00.938+00,COMPLETED,,,8,,2025-08-17 12:54:27.978103+00,2025-08-17 12:54:27.978103+00
2dd9924f-f09e-4880-84fc-3406458440d0,B078RV7BWR,audible,audiobook,9.78152E+12,Zero Hour,Craig Alanson,"Science Fiction, Military, Space Opera, Humor",R.C. Bray,Expeditionary Force,20,5,2022-12-12 22:24:33.593+00,COMPLETED,,,8,,2025-08-17 12:54:27.978103+00,2025-08-17 12:54:27.978103+00
2dfef12e-0140-409e-ab52-fb6941dfef7b,B016QXX5LA,audible,audiobook,9.78099E+12,Ashes of the Unspeakable,Franklin Horton,"Post-apocalyptic, Survival",Kevin Pierce,The Borrowed World Series,0,2,2016-01-28 00:19:56.805+00,COMPLETED,,,0,,2025-08-17 12:54:27.978103+00,2025-08-17 12:54:27.978103+00
2ecb5b92-0cd3-4745-b25c-3766c4564616,B06W5861HP,audible,audiobook,9.78152E+12,SpecOps,Craig Alanson,"Science Fiction, Military, Space Opera, Humor",R.C. Bray,Expeditionary Force,20,2,2022-11-26 18:46:55.928+00,COMPLETED,,,8,,2025-08-17 12:54:27.978103+00,2025-08-17 12:54:27.978103+00
2f6b8cbf-4332-4f46-b917-cea8bf515f3c,B002VA8N8I,audible,audiobook,9.78039E+12,Earth Abides,George R. Stewart,"Science Fiction, Post-apocalyptic","Jonathan Davis, Connie Willis",,0,0,2010-06-30 00:00:00+00,COMPLETED,,,0,,2025-08-17 12:54:27.978103+00,2025-08-17 12:54:27.978103+00
2fc20de1-06a0-47e4-8f38-a69c63875391,B0B6QBNK4J,audible,audiobook,9.78198E+12,Roadkill,Dennis E. Taylor,"Science Fiction, Short Story",Ray Porter,,0,0,2022-08-04 21:02:24.419+00,COMPLETED,,,8,,2025-08-17 12:54:27.978103+00,2025-08-17 12:54:27.978103+00
3011e1f0-0f9c-4117-a104-11f948c6747e,059341635X,audible,audiobook,9.78045E+12,Nightfall and Other Stories,Isaac Asimov,"Science Fiction, Short Stories",Jon Lindstrom,,0,0,2025-01-01 03:46:59.657+00,COMPLETED,,,0,,2025-08-17 12:54:27.978103+00,2025-08-17 12:54:27.978103+00
3025030c-c565-4073-b836-34282f0b84df,1772306932,audible,audiobook,9.78152E+12,Mavericks,Craig Alanson,"Science Fiction, Military, Space Opera, Humor",R.C. Bray,Expeditionary Force: Mavericks,3,1,2023-01-03 03:42:47.333+00,COMPLETED,,,8,,2025-08-17 12:54:27.978103+00,2025-08-17 12:54:27.978103+00
30a050be-4e59-4d17-bcea-7de9cff48cbf,B009WU6NB4,audible,audiobook,9.78145E+12,Agenda 21,Glenn Beck,"Dystopian, Political fiction",January LaVoy,Agenda 21,0,0,2015-03-02 04:58:58.778+00,COMPLETED,,,0,,2025-08-17 12:54:27.978103+00,2025-08-17 12:54:27.978103+00
30de956f-53aa-4237-9b57-adfcb4212295,B002V0RD6G,audible,audiobook,9.78045E+12,End the Fed,Ron Paul,"Economics, Politics",Bob Craig,,0,0,2012-03-24 23:33:18+00,COMPLETED,,,0,,2025-08-17 12:54:27.978103+00,2025-08-17 12:54:27.978103+00
316e6043-502d-4fd1-b595-73047ef8b2ee,B017V4NMX4,audible,audiobook,9.78044E+12,Harry Potter and the Order of the Phoenix,J.K. Rowling,"Fantasy, Young Adult",Jim Dale,Harry Potter,0,5,2016-08-14 22:20:03.77+00,COMPLETED,,,10,,2025-08-17 12:54:27.978103+00,2025-08-17 12:54:27.978103+00
31793978-b1e5-40ec-9a8e-fc03f8ddb128,B07M92ZQVP,audible,audiobook,9.78077E+12,48 Hours,William R. Forstchen,"Thriller, Post-apocalyptic",Bronson Pinchot,,0,0,2022-04-08 16:05:39+00,COMPLETED,,,0,,2025-08-17 12:54:27.978103+00,2025-08-17 12:54:27.978103+00
31b141ad-0229-43f3-b595-7ce5d459551d,B002V1A088,audible,audiobook,9.78031E+12,Dawn's Light,Terri Blackstock,"Christian Fiction, Post-Apocalyptic, Suspense",Susie Breck,Restoration,4,4,2013-05-19 20:42:04+00,COMPLETED,,,5,,2025-08-17 12:54:27.978103+00,2025-08-17 12:54:27.978103+00
34d4ed84-a700-4b41-930e-2ba4fb438b5b,B07VSKMRW5,audible,audiobook,9.78194E+12,Dysphoria: A Novel of America's Coming Financial Nightmare (Black Swan),Mark Goodwin,"Christian Fiction, Political Thriller",Kevin Pierce,Black Swan,0,0,2019-08-13 11:52:13.448+00,COMPLETED,,,0,,2025-08-17 12:54:27.978103+00,2025-08-17 12:54:27.978103+00
36c8f2a9-53b5-4a88-ab44-fea909960502,B004BOGF3W,audible,audiobook,9.78006E+12,"Alas, Babylon",Pat Frank,"Science Fiction, Post-apocalyptic",Will Patton,,0,0,2010-12-22 15:08:32+00,COMPLETED,,,0,,2025-08-17 12:54:27.978103+00,2025-08-17 12:54:27.978103+00
37d5e124-377a-4835-9be8-b39c2416955b,B01E6AAYU0,audible,audiobook,9.78032E+12,American Pharoah,Joe Drape,"Biography, Sports",Aaron Abano,,0,0,2018-05-06 22:56:06.613+00,COMPLETED,,,0,,2025-08-17 12:54:27.978103+00,2025-08-17 12:54:27.978103+00
3899b67d-5c56-4871-aee8-39311661760c,B01GIGHPW0,audible,audiobook,9.78153E+12,EMP Exodus - an EMP Survival Story,Henry Gene Foster & J. J. Holden,Post-Apocalyptic Survival,Kevin Pierce,Dark New World,0,2,2016-06-15 21:20:55.071+00,COMPLETED,,,0,,2025-08-17 12:54:27.978103+00,2025-08-17 12:54:27.978103+00
3cc531c0-ad0b-4889-a48d-b1a6dcaf881c,B07MP7R7N4,audible,audiobook,9.7818E+12,Rise of the Locusts,"Johnathan Yanez, Justin Sloan","Techno-thriller, Post-apocalyptic",Stacey Glemboski,A Post-Apocalyptic Techno-Thriller (Cyber Armageddon,0,1,2019-01-13 21:05:24.815+00,COMPLETED,,,0,,2025-08-17 12:54:27.978103+00,2025-08-17 12:54:27.978103+00
3d45dc92-25fe-4855-8edc-e3178b5fe899,B017V4IWVG,audible,audiobook,9.78044E+12,Harry Potter and the Chamber of Secrets,J.K. Rowling,"Fantasy, Young Adult",Jim Dale,Harry Potter,0,2,2016-06-24 21:48:22.968+00,COMPLETED,,,10,,2025-08-17 12:54:27.978103+00,2025-08-17 12:54:27.978103+00
3f2d0eb2-e9a6-46be-a06e-cdbfd6e624f0,B002V8H59I,audible,audiobook,9.78058E+12,Broken Angels,Richard K. Morgan,"Science Fiction, Cyberpunk",Todd McLaren,Takeshi Kovacs Trilogy,3,0,2024-05-28 23:19:10+00,COMPLETED,,,0,,2025-08-17 12:54:27.978103+00,2025-08-17 12:54:27.978103+00
3f86c105-2327-4603-8f44-0a1417c1a428,B002V9Z562,audible,audiobook,9.78186E+12,Lucifer's Hammer,"Larry Niven, Jerry Pournelle","Science fiction, Post-apocalyptic",Marc Vietor,,0,0,2013-03-17 04:37:20+00,COMPLETED,,,0,,2025-08-17 12:54:27.978103+00,2025-08-17 12:54:27.978103+00
40375ca6-3553-4353-b507-6a79a6b1ec2c,B072LVMNZ3,audible,audiobook,9.78194E+12,Earthcore,Scott Sigler,"Science Fiction, Thriller",Ray Porter,Sun Symbol Series,0,1,2024-10-13 15:33:34.12+00,COMPLETED,,,7,,2025-08-17 12:54:27.978103+00,2025-08-17 12:54:27.978103+00
4075d57c-2295-4cbb-a9cf-6c30aa787fbe,525527974,audible,audiobook,9.78053E+12,Delta-v,Daniel Suarez,"Science Fiction, Thriller",Jeff Gurner,A Delta-v Novel,0,0,2024-04-15 14:51:53.97+00,COMPLETED,,,0,,2025-08-17 12:54:27.978103+00,2025-08-17 12:54:27.978103+00
4112dba5-56a6-4f21-91b6-0f17cec46431,B002V5IRNY,audible,audiobook,9.78067E+12,Falling Free,Lois McMaster Bujold,"Science Fiction, Space Opera",Grover Gardner,Vorkosigan Saga (chronological),0,4,2024-05-28 23:29:16+00,COMPLETED,,,0,,2025-08-17 12:54:27.978103+00,2025-08-17 12:54:27.978103+00
41303604-5a50-4245-b049-56041b5c61e4,B01N9SQ1LN,audible,audiobook,9.78153E+12,Apocalypse,Mark Goodwin,"Christian, Science Fiction, Fantasy",Kevin Pierce,The Days of Elijah,4,1,2017-04-22 02:54:14.186+00,COMPLETED,,,0,,2025-08-17 12:54:27.978103+00,2025-08-17 12:54:27.978103+00
4205862c-ffd7-4ec0-a37c-755170db854a,B0923BQ8BW,audible,audiobook,9.78151E+12,The Orbs Series Box Set: Books 1-4,Nicholas Sansbury Smith,"Science Fiction, Post-apocalyptic",Bronson Pinchot,ORBS,0,0,2022-01-13 23:04:47.654+00,COMPLETED,,,0,,2025-08-17 12:54:27.978103+00,2025-08-17 12:54:27.978103+00
428c4ec8-0529-4316-95ad-1f9975c10124,B00LBJMW5U,audible,audiobook,9.78099E+12,American Reset,Mark Goodwin,"Christian fiction, Political fiction",Kevin Pierce,Book Three of the Economic Collapse Chronicles,0,3,2017-05-27 16:14:55.423+00,COMPLETED,,,0,,2025-08-17 12:54:27.978103+00,2025-08-17 12:54:27.978103+00
43848df5-7cfe-452f-8d37-4d5dd112b157,B00VN0Q8XY,audible,audiobook,9.7808E+12,Armada,Ernest Cline,Science Fiction,Wil Wheaton,,0,0,2019-03-05 03:43:32.732+00,COMPLETED,,,0,,2025-08-17 12:54:27.978103+00,2025-08-17 12:54:27.978103+00
45320344-011b-489f-aa49-a1ed4401122b,B00G6ZP18Y,audible,audiobook,9.78014E+12,Going Home,A. American,"Post-apocalyptic, Survival",Duke Fontaine,The Survivalist Series,0,0,2014-04-13 16:14:36.975+00,COMPLETED,,,0,,2025-08-17 12:54:27.978103+00,2025-08-17 12:54:27.978103+00
454a87de-a6de-4bd4-bb8f-cbe5c7590eff,B076QGRFGD,audible,audiobook,9.78194E+12,Infinite,Jeremy Robinson,"Science Fiction, Thriller",R.C. Bray,Infinite Timeline,0,0,2024-02-08 01:43:34.975+00,COMPLETED,,,0,,2025-08-17 12:54:27.978103+00,2025-08-17 12:54:27.978103+00
45806347-01d3-4333-9e65-b9502379fd10,B09V1X64YV,audible,audiobook,9.78152E+12,Match Game,Craig Alanson,"Science Fiction, Military, Space Opera, Humor",R.C. Bray,Expeditionary Force,20,14,2023-07-05 15:03:05.21+00,COMPLETED,,,8,,2025-08-17 12:54:27.978103+00,2025-08-17 12:54:27.978103+00
45afd286-1859-4c35-98a7-2dbcf23a0b48,B002VA9SWS,audible,audiobook,9.78035E+12,The Hitchhiker's Guide to the Galaxy,Douglas Adams,"Science Fiction, Humor",Stephen Fry,Hitchhiker's Guide to the Galaxy,0,0,2018-08-14 13:44:36.957+00,COMPLETED,,,0,,2025-08-17 12:54:27.978103+00,2025-08-17 12:54:27.978103+00
4844d894-3570-4fa5-b8a7-7ee4548db0dc,B00GULT3SS,audible,audiobook,9.78099E+12,American Exit Strategy,Mark Goodwin,"Christian fiction, Political fiction",Kevin Pierce,The Economic Collapse Chronicles,0,1,2017-05-19 04:18:38.777+00,COMPLETED,,,0,,2025-08-17 12:54:27.978103+00,2025-08-17 12:54:27.978103+00
487c4af3-216d-49cd-bd1a-51446d28c825,B075DK95GS,audible,audiobook,9.78032E+12,Caliban's War,James S. A. Corey,"Science Fiction, Space Opera",Jefferson Mays,The Expanse,0,0,2024-01-11 09:41:10.033+00,COMPLETED,,,0,,2025-08-17 12:54:27.978103+00,2025-08-17 12:54:27.978103+00
48eed35a-f7a6-4798-8743-f831a612ace1,B08LF1Y476,audible,audiobook,9.7818E+12,Feedback,Craig Alanson,"Science Fiction, Short Stories",Ray Porter,Audible Original Stories,0,0,2021-03-04 00:55:33+00,COMPLETED,,,0,,2025-08-17 12:54:27.978103+00,2025-08-17 12:54:27.978103+00
4947c61f-ba0b-455b-8733-e10ae7878d4b,1774246325,audible,audiobook,9.78152E+12,Brushfire,Craig Alanson,"Science Fiction, Military, Space Opera, Humor",R.C. Bray,Expeditionary Force,20,11,2023-05-28 22:38:18.707+00,COMPLETED,,,8,,2025-08-17 12:54:27.978103+00,2025-08-17 12:54:27.978103+00
4a13eec5-0fd3-4f12-aa33-d2816b7fda9d,B002V189C2,audible,audiobook,9.78031E+12,True Light,Terri Blackstock,"Christian Fiction, Post-Apocalyptic, Suspense",Susie Breck,Restoration,4,3,2013-05-19 20:42:04+00,COMPLETED,,,5,,2025-08-17 12:54:27.978103+00,2025-08-17 12:54:27.978103+00
4a37890b-092f-4d98-8d92-ae43d786d0b2,B009GLCXPO,audible,audiobook,9.78031E+12,Zero Day,Mark Russinovich,Techno-thriller,Johnny Heller,Jeff Aiken,0,0,2014-06-26 02:40:59.62+00,COMPLETED,,,0,,2025-08-17 12:54:27.978103+00,2025-08-17 12:54:27.978103+00
4a9c36a1-d3d3-44ee-9ac6-07005d737028,B01GEVYONM,audible,audiobook,9.78153E+12,"A Learning Experience, Book 1",Christopher Nuttall,"Science Fiction, First Contact",Christian Rummel,A Learning Experience,0,1,2025-03-09 21:07:53+00,COMPLETED,,,0,,2025-08-17 12:54:27.978103+00,2025-08-17 12:54:27.978103+00
4c5b717f-1e51-4cea-a992-f3ed9d94021b,B0B6QBNK4J,audible,audiobook,9.78198E+12,Roadkill,Dennis E. Taylor,"Science Fiction, Short Story",Ray Porter,,0,0,2022-08-04 21:02:24.419+00,COMPLETED,,,8,,2025-08-17 12:54:27.978103+00,2025-08-17 12:54:27.978103+00
4d33a15e-ade0-4362-bd9b-288eb49724c5,B09S552HVY,audible,audiobook,9.78152E+12,Critical Mass,Daniel Suarez,"Science Fiction, Thriller",Jeff Gurner,A Novel (A Delta-v Novel,0,2,2024-05-04 16:28:11.767+00,COMPLETED,,,0,,2025-08-17 12:54:27.978103+00,2025-08-17 12:54:27.978103+00
4ef8e9b0-7112-4dc7-be95-137861ca9b76,B002ZEEDAW,audible,audiobook,,A Christmas Carol: A Signature Performance by Tim Curry,Charles Dickens,"Classic, Holiday",Tim Curry,,0,0,2009-12-06 22:15:17+00,COMPLETED,,,0,,2025-08-17 12:54:27.978103+00,2025-08-17 12:54:27.978103+00
4f579a3e-4820-4134-a93b-7ac975d1a08f,B002V0QZL0,audible,audiobook,9.78141E+12,Judas Unchained,Peter F. Hamilton,"Science Fiction, Space Opera",John Lee,Commonwealth Saga,0,0,2024-05-28 23:31:47+00,COMPLETED,,,0,,2025-08-17 12:54:27.978103+00,2025-08-17 12:54:27.978103+00
4fe8c9a3-066f-48ee-a3c5-0fb1c054c432,B0D38CR7BR,audible,audiobook,9.78152E+12,Task Force Hammer,Craig Alanson,"Science Fiction, Military, Space Opera, Humor",R.C. Bray,Expeditionary Force,20,17,2024-10-20 21:11:11.275+00,COMPLETED,,,8,,2025-08-17 12:54:27.978103+00,2025-08-17 12:54:27.978103+00
5005235f-1706-4fb4-8482-30e3a02718d0,B0716H7M7K,audible,audiobook,9.78197E+12,The Egg and Other Stories,Andy Weir,"Science Fiction, Short Stories","Jonathan Davis, Christy Romano, R.C. Bray",,0,0,2023-11-22 05:25:11+00,COMPLETED,,,2,,2025-08-17 12:54:27.978103+00,2025-08-17 12:54:27.978103+00
5087afa8-9a4e-427f-9d5c-1a10dad8e579,1982697628,audible,audiobook,9.78163E+12,The Lady and the Highwayman,Sarah M. Eden,Historical Romance,Justine Eyre,The Proper Romance Victorian Series,0,0,2021-06-11 12:18:29+00,COMPLETED,,,0,,2025-08-17 12:54:27.978103+00,2025-08-17 12:54:27.978103+00
50e22ae0-f4d5-42c4-8dc5-45548576822d,B002V59TS6,audible,audiobook,9.78006E+12,Interview with Michael Crichton,Michael Crichton,"Interview, Non-fiction",Beth Anderson,,0,0,2011-12-20 05:48:10+00,COMPLETED,,,0,,2025-08-17 12:54:27.978103+00,2025-08-17 12:54:27.978103+00
5158eed8-66d1-40b1-99b1-933de68732b6,B002V0Q70E,audible,audiobook,9.78142E+12,The Sea of Monsters,Rick Riordan,"Fantasy, Young Adult",Jesse Bernstein,Percy Jackson and the Olympians,0,2,2021-05-30 10:23:26.521+00,COMPLETED,,,8,,2025-08-17 12:54:27.978103+00,2025-08-17 12:54:27.978103+00
5262373e-4e34-412c-8f74-250151328b77,B00IOTEN9S,audible,audiobook,9.78099E+12,American Meltdown,Mark Goodwin,"Christian fiction, Political fiction",Kevin Pierce,The Economic Collapse Chronicles,0,2,2017-05-23 14:04:30.44+00,COMPLETED,,,0,,2025-08-17 12:54:27.978103+00,2025-08-17 12:54:27.978103+00
53e74d62-b039-438a-8816-a99db2e84b96,B01N0TLKIR,audible,audiobook,9.78077E+12,The Final Day,William R. Forstchen,"Science Fiction, Post-apocalyptic",Bronson Pinchot,A John Matherson Novel,0,0,2018-06-11 01:29:56.569+00,COMPLETED,,,0,,2025-08-17 12:54:27.978103+00,2025-08-17 12:54:27.978103+00
53f13d87-4436-461d-ac30-41940b30af3b,B082P722R4,audible,audiobook,9.78143E+12,The Power of Self-Compassion,Laurie Cameron,"Psychology, Self-help",Laurie Cameron,,0,0,2020-01-03 11:52:59.842+00,COMPLETED,,,0,,2025-08-17 12:54:27.978103+00,2025-08-17 12:54:27.978103+00
540c6cec-5c9e-4420-a175-53d49394a148,B0DRPQFHHW,audible,audiobook,9.78152E+12,Gateway,Craig Alanson,"Science Fiction, Military, Space Opera, Humor",R.C. Bray,Expeditionary Force,20,18,2025-04-29 07:01:47.606+00,COMPLETED,,,8,,2025-08-17 12:54:27.978103+00,2025-08-17 12:54:27.978103+00
56830198-6fc6-4e92-a928-7afaf1945946,B017T9GNSC,audible,audiobook,9.78157E+12,Fishers of Men,Gerald N. Lund,"Historical fiction, Religious",Larry A. McKeever,The Kingdom and the Crown,0,1,2017-02-20 05:22:40.986+00,COMPLETED,,,0,,2025-08-17 12:54:27.978103+00,2025-08-17 12:54:27.978103+00
57a2d882-de0f-4689-a848-2d515bd118f3,B01LT9EZ60,audible,audiobook,9.78154E+12,Zero Hour,Bobby Akart,Post-Apocalyptic Fiction,Kevin Pierce,The Blackout Series,0,2,2016-10-20 17:08:16.919+00,COMPLETED,,,0,,2025-08-17 12:54:27.978103+00,2025-08-17 12:54:27.978103+00
57b53b36-449f-4701-a9c1-05988c8811ec,B071Y9TTHC,audible,audiobook,9.78032E+12,Children of Time,Adrian Tchaikovsky,"Science Fiction, Space Opera",Mel Hudson,Children of Time,0,1,2025-03-09 21:03:01.575+00,COMPLETED,,,0,,2025-08-17 12:54:27.978103+00,2025-08-17 12:54:27.978103+00
57d8505a-f78e-40ea-b2db-5bc77a2cb815,B0DK3YN5D7,audible,audiobook,9.78166E+12,A Vow of Embers,Sariah Wilson,"Fantasy, Romantic Fantasy",Therese Plummer,The Eye of the Goddess,0,2,2025-07-08 15:48:13.483+00,COMPLETED,,,0,,2025-08-17 12:54:27.978103+00,2025-08-17 12:54:27.978103+00
587d8838-8fb8-433e-9280-4cbbb86011d4,B004MSVS9I,audible,audiobook,9.78077E+12,Rollback,Robert J. Sawyer,Science fiction,Johnny Heller,,0,0,2013-01-31 11:01:09+00,COMPLETED,,,0,,2025-08-17 12:54:27.978103+00,2025-08-17 12:54:27.978103+00
59f9941b-3e99-4b73-a4ef-47b73d4b23a6,1799933296,audible,audiobook,9.78195E+12,Why We Get Sick,Benjamin Bikman,"Health, Science",George Newbern,,0,0,2023-03-13 06:11:18+00,COMPLETED,,,0,,2025-08-17 12:54:27.978103+00,2025-08-17 12:54:27.978103+00
5aef2366-83a5-4443-8a7c-c02f55f0d075,B017V4IM1G,audible,audiobook,9.78059E+12,Harry Potter and the Sorcerer's Stone,J.K. Rowling,"Fantasy, Young Adult",Jim Dale,Harry Potter,0,1,2016-06-24 21:48:22.968+00,COMPLETED,,,10,,2025-08-17 12:54:27.978103+00,2025-08-17 12:54:27.978103+00
5cdf9f1b-63db-46f7-909b-bcd3491d4f89,B08MT4JT69,audible,audiobook,9.78194E+12,Tribulation,Mark Goodwin,"Christian Fiction, Thriller",Kevin Pierce,Kingdom of Darkness,0,1,2021-04-19 03:12:58.258+00,COMPLETED,,,0,,2025-08-17 12:54:27.978103+00,2025-08-17 12:54:27.978103+00
5dd4ad25-3693-4ff8-9f7c-ab2b3d1b3219,B01KKPH1VA,audible,audiobook,9.78077E+12,The Dispatcher,John Scalzi,"Science Fiction, Thriller",Zachary Quinto,The Dispatcher,0,0,2023-04-01 13:59:23+00,COMPLETED,,,0,,2025-08-17 12:54:27.978103+00,2025-08-17 12:54:27.978103+00
5df65f4e-232b-4788-9043-d44e8a0f0917,B085VCRDX7,audible,audiobook,9.78194E+12,The Beginning of Sorrows,Mark Goodwin,"Christian Fiction, Post-apocalyptic",Kevin Pierce,The Beginning of Sorrows,0,1,2020-05-08 20:21:22.607+00,COMPLETED,,,0,,2025-08-17 12:54:27.978103+00,2025-08-17 12:54:27.978103+00
5e63a8c4-f78d-42e4-a079-e33a62891aa7,B009H8JG88,audible,audiobook,9.78142E+12,The Mark of Athena,Rick Riordan,"Fantasy, Young Adult",Joshua Swanson,The Heroes of Olympus,0,3,2025-01-19 17:29:59.708+00,COMPLETED,,,8,,2025-08-17 12:54:27.978103+00,2025-08-17 12:54:27.978103+00
60ac2015-867f-45d7-a3b9-4cf867ddf5b8,1774242621,audible,audiobook,9.78152E+12,Valkyrie,Craig Alanson,"Science Fiction, Military, Space Opera, Humor",R.C. Bray,Expeditionary Force,20,9,2023-04-29 19:37:06.337+00,COMPLETED,,,8,,2025-08-17 12:54:27.978103+00,2025-08-17 12:54:27.978103+00
619a173e-b1d8-4180-94b8-e16b2b848820,B072QBK8DN,audible,audiobook,9.78194E+12,Journey to the Veil,Marilynn Hughes,"Spirituality, Memoir","Rick Gines, Terri Pontius",,0,0,2024-03-28 04:28:14.724+00,COMPLETED,,,0,,2025-08-17 12:54:27.978103+00,2025-08-17 12:54:27.978103+00
630a94f5-01f0-47cd-9b61-a62132f32788,B002UZZDI2,audible,audiobook,9.78142E+12,The Titan's Curse,Rick Riordan,"Fantasy, Young Adult",Jesse Bernstein,Percy Jackson and the Olympians,0,3,2021-06-03 21:26:05.322+00,COMPLETED,,,8,,2025-08-17 12:54:27.978103+00,2025-08-17 12:54:27.978103+00
6505d6dc-4583-4d28-b728-dc26ef9673d2,B00NOD1B2G,audible,audiobook,9.78098E+12,Dream Job,Dan Miller,"Career, Self-help",Dan Miller,Nightingale-Conant: Achievement,0,0,2015-05-29 04:05:55.784+00,COMPLETED,,,0,,2025-08-17 12:54:27.978103+00,2025-08-17 12:54:27.978103+00
66a084e7-b50f-499d-9174-eadf2ba6e2a3,B01N17THEO,audible,audiobook,9.78167E+12,For We Are Many,Dennis E. Taylor,"Science Fiction, Space Opera, AI Fiction",Ray Porter,Bobiverse,5,2,2019-07-10 23:37:51.826+00,COMPLETED,,,10,,2025-08-17 12:54:27.978103+00,2025-08-17 12:54:27.978103+00
67883c76-eb9f-4b87-a526-942815598b0a,1774241285,audible,audiobook,9.78152E+12,Armageddon,Craig Alanson,"Science Fiction, Military, Space Opera, Humor",R.C. Bray,Expeditionary Force,20,8,2023-01-24 02:15:52.589+00,COMPLETED,,,8,,2025-08-17 12:54:27.978103+00,2025-08-17 12:54:27.978103+00
67908eda-f997-4c4d-a959-e0059547e112,B019HKRMBI,audible,audiobook,9.78163E+12,Retire Inspired,Chris Hogan,"Personal finance, Self-help",Chris Hogan,,0,0,2017-08-06 12:24:30.196+00,COMPLETED,,,0,,2025-08-17 12:54:27.978103+00,2025-08-17 12:54:27.978103+00
67d84552-1b46-453b-9c2a-99b34ecfc5e5,B09GW7NFQR,audible,audiobook,9.78154E+12,The Dying Citizen,Victor Davis Hanson,"History, Politics",James Edward Thomas,,0,0,2021-10-16 13:51:17.115+00,COMPLETED,,,0,,2025-08-17 12:54:27.978103+00,2025-08-17 12:54:27.978103+00
67ddd711-ca32-447b-9cd2-f80d1fd8c191,B073H9PF2D,audible,audiobook,9.78032E+12,Leviathan Wakes,James S. A. Corey,"Science Fiction, Space Opera",Jefferson Mays,The Expanse,0,0,2023-10-21 17:16:31.038+00,COMPLETED,,,0,,2025-08-17 12:54:27.978103+00,2025-08-17 12:54:27.978103+00
6a013e20-e2d4-445e-83d3-cfb69d808a4c,B07341FZDC,audible,audiobook,9.78167E+12,All These Worlds,Dennis E. Taylor,"Science Fiction, Space Opera, AI Fiction",Ray Porter,Bobiverse,5,3,2019-07-22 03:48:23.252+00,COMPLETED,,,10,,2025-08-17 12:54:27.978103+00,2025-08-17 12:54:27.978103+00
6d17ba99-938c-4687-8c15-08ec36ec5b66,B01N48VJFJ,audible,audiobook,9.78152E+12,Columbus Day,Craig Alanson,"Science Fiction, Military, Space Opera, Humor",R.C. Bray,Expeditionary Force,20,1,2021-12-08 05:13:21.044+00,COMPLETED,,,8,,2025-08-17 12:54:27.978103+00,2025-08-17 12:54:27.978103+00
6d81b7f5-8797-4f23-bcc2-abf04447015c,1774241285,audible,audiobook,9.78152E+12,Armageddon,Craig Alanson,"Science Fiction, Military, Space Opera, Humor",R.C. Bray,Expeditionary Force,20,8,2023-01-24 02:15:52.589+00,COMPLETED,,,8,,2025-08-17 12:54:27.978103+00,2025-08-17 12:54:27.978103+00
6dbe6ebe-183e-4c77-96d8-48d9a08e3ba4,B07XB2X6TR,audible,audiobook,9.78154E+12,House of Teeth,Dan Jolley,"Fantasy, Young Adult",Josh Hurley,,0,0,2019-12-10 10:32:42.373+00,COMPLETED,,,0,,2025-08-17 12:54:27.978103+00,2025-08-17 12:54:27.978103+00
6f9eca6b-2f64-43ec-8caa-01bfbc1af17c,B07NVYH9M7,audible,audiobook,9.78197E+12,Multitude,Dean M. Cole,"Science Fiction, Post-apocalyptic","R.C. Bray, Julia Whelan",Dimension Space,0,2,2024-09-02 12:57:35.634+00,COMPLETED,,,8,,2025-08-17 12:54:27.978103+00,2025-08-17 12:54:27.978103+00
701f64e6-ad85-4de0-b888-12807a8dcfa5,B088C4DBYP,audible,audiobook,9.78167E+12,Heaven's River,Dennis E. Taylor,"Science Fiction, Space Opera, AI Fiction",Ray Porter,Bobiverse,5,4,2020-08-24 01:19:37.888+00,COMPLETED,,,10,,2025-08-17 12:54:27.978103+00,2025-08-17 12:54:27.978103+00
70a27602-b909-4146-b4b4-cc8ab4a8e366,B0161X58XS,audible,audiobook,9.78194E+12,Perdition,Mark Goodwin,"Christian fiction, Post-apocalyptic",Kevin Pierce,The Days of Noah,0,3,2017-04-24 12:20:09.998+00,COMPLETED,,,0,,2025-08-17 12:54:27.978103+00,2025-08-17 12:54:27.978103+00
71f51871-3f44-492e-84db-c27029721c8a,B002VA8NOW,audible,audiobook,9.78055E+12,Digital Fortress,Dan Brown,"Mystery, Techno-thriller",Paul Michael,,0,0,2010-03-16 07:02:34+00,COMPLETED,,,0,,2025-08-17 12:54:27.978103+00,2025-08-17 12:54:27.978103+00
7200f6ae-eda1-4a79-a157-f613b5ddb301,B01J8GEO1C,audible,audiobook,9.78198E+12,Look Before You LIRP,David McKnight,"Finance, Retirement Planning",Jeremy Vore,,0,0,2019-09-09 12:44:11.206+00,COMPLETED,,,0,,2025-08-17 12:54:27.978103+00,2025-08-17 12:54:27.978103+00
723e9478-2a02-4406-af36-d10e5109d2c5,B0BDNMLGFW,audible,audiobook,9.78152E+12,Failure Mode,Craig Alanson,"Science Fiction, Military, Space Opera, Humor",R.C. Bray,Expeditionary Force: Mavericks,3,3,2023-08-10 05:09:28.137+00,COMPLETED,,,8,,2025-08-17 12:54:27.978103+00,2025-08-17 12:54:27.978103+00
736c627e-66f0-4892-b709-dafc30f97f06,B005OB2TAY,audible,audiobook,9.78166E+12,Aftershock,"Shelly Bryant, Zhang Ling","Fiction, Thriller",Christopher Kipiniak,,0,0,2012-04-01 09:51:04+00,COMPLETED,,,0,,2025-08-17 12:54:27.978103+00,2025-08-17 12:54:27.978103+00
747f9c03-282d-4fe8-8932-f0e215aec8ba,B081QPSQ2L,audible,audiobook,9.78194E+12,Gehenna: A Novel of America's Coming Financial Nightmare,Mark Goodwin,"Christian Fiction, Thriller",Kevin Pierce,Black Swan,0,3,2020-11-09 19:31:06.149+00,COMPLETED,,,0,,2025-08-17 12:54:27.978103+00,2025-08-17 12:54:27.978103+00
74fbd268-717a-4c4d-b7a7-93ab588e7c59,B004AY444A,audible,audiobook,9.7804E+12,Dead or Alive,Tom Clancy,"Thriller, Espionage",Lou Diamond Phillips,A Jack Ryan Novel (chronological order),0,0,2011-03-05 07:55:37+00,COMPLETED,,,0,,2025-08-17 12:54:27.978103+00,2025-08-17 12:54:27.978103+00
7592eed0-3c35-40a5-a1bd-7e8511203639,B06X9MXN32,audible,audiobook,9.78039E+12,Astrophysics for People in a Hurry,Neil deGrasse Tyson,"Science, Astronomy",Neil deGrasse Tyson,,0,0,2019-10-06 01:36:03.622+00,COMPLETED,,,0,,2025-08-17 12:54:27.978103+00,2025-08-17 12:54:27.978103+00
75c27b4c-4e62-4c93-af25-863bc7ee1318,B0CMK76W8F,audible,audiobook,,Protect My Heart,Kat Baxter,"Contemporary Romance, Young Adult","Amy Melissa Bentley, Austin Rising",Saddle Creek TX: The Whitmores,0,1,2025-02-27 16:32:13.995+00,COMPLETED,,,0,,2025-08-17 12:54:27.978103+00,2025-08-17 12:54:27.978103+00
7629f162-cb6d-4481-a99e-97656cea4d62,B01N59TJ9C,audible,audiobook,9.78194E+12,A Haunt for Jackals,Mark Goodwin,"Christian fiction, Post-apocalyptic",Kevin Pierce,"Seven Cows, Ugly and Gaunt",0,3,2017-04-13 23:46:46.765+00,COMPLETED,,,0,,2025-08-17 12:54:27.978103+00,2025-08-17 12:54:27.978103+00
768b67bc-0139-4d17-bbcb-94ad11975e42,B07D4MN2ZM,audible,audiobook,9.78172E+12,Embers of Empire,Stacey Glemboski,"Post-apocalyptic, Fiction",Stacey Glemboski,Ava's Crucible,0,2,2018-10-13 10:10:06.812+00,COMPLETED,,,0,,2025-08-17 12:54:27.978103+00,2025-08-17 12:54:27.978103+00
769056be-fd02-46f4-9eb0-4383223d83d0,B08G9PRS1K,audible,audiobook,9.78059E+12,Project Hail Mary,Andy Weir,"Science Fiction, Thriller",Ray Porter,,0,0,2022-02-12 04:03:40.988+00,COMPLETED,,,10,2025-08-12 01:14:18.401634+00,2025-08-17 12:54:27.978103+00,2025-08-17 12:54:27.978103+00
76f3889d-163e-4f82-9668-ac66a58893fd,B0886LZY9M,audible,audiobook,9.78194E+12,World Order: An Apocalyptic End-Times Thriller,Mark Goodwin,"Christian Fiction, Post-apocalyptic",Kevin Pierce,The Beginning of Sorrows,0,2,2020-08-24 14:08:04.713+00,COMPLETED,,,0,,2025-08-17 12:54:27.978103+00,2025-08-17 12:54:27.978103+00
7738f7c9-6a7d-4652-be7e-269e625d412c,B07F3FZWVX,audible,audiobook,9.78172E+12,United We Stand: A Post-Apocalyptic Novel of the Coming Civil War in America,Stacey Glemboski,"Post-apocalyptic, Fiction",Stacey Glemboski,Ava's Crucible,0,3,2019-12-31 13:19:50.859+00,COMPLETED,,,0,,2025-08-17 12:54:27.978103+00,2025-08-17 12:54:27.978103+00
78b81759-7718-4ffd-8d90-e32eb35a5696,B00PJDV1YW,audible,audiobook,9.78099E+12,The Days of Noah,Mark Goodwin,"Christian fiction, Post-apocalyptic",Kevin Pierce,The Days of Noah,0,1,2015-03-14 17:06:47.781+00,COMPLETED,,,0,,2025-08-17 12:54:27.978103+00,2025-08-17 12:54:27.978103+00
7ae56809-5811-4fb0-a140-a9f62766e658,B06XFKY3ZK,audible,audiobook,9.78154E+12,Wormwood,Mark Goodwin,"Christian, Science Fiction, Fantasy",Kevin Pierce,The Days of Elijah,4,2,2017-05-13 04:50:15.358+00,COMPLETED,,,0,,2025-08-17 12:54:27.978103+00,2025-08-17 12:54:27.978103+00
7beca4d4-a5f2-48ff-9191-e271dbd8f048,B003AN9MJ4,audible,audiobook,9.78045E+12,Divine Justice,David Baldacci,"Thriller, Mystery",Ron McLarty,,0,0,2011-02-06 20:22:06+00,COMPLETED,,,0,,2025-08-17 12:54:27.978103+00,2025-08-17 12:54:27.978103+00
7bef15c5-99f1-49ca-ad9f-5de1b4129ced,B072MLGY5S,audible,audiobook,9.78014E+12,Treasure Island,Robert Louis Stevenson,"Adventure, Classic","Philip Glenister, Daniel Mays, Catherine Tate, Owen Teale",,0,0,2020-05-01 23:04:13.91+00,COMPLETED,,,0,,2025-08-17 12:54:27.978103+00,2025-08-17 12:54:27.978103+00
7fb095f7-7e25-4194-bfde-ef845a4736e7,B010R8241M,audible,audiobook,9.78099E+12,The Borrowed World,Franklin Horton,"Post-apocalyptic, Survival",Kevin Pierce,A Novel of Post-Apocalyptic Collapse,0,1,2016-01-14 05:57:40.846+00,COMPLETED,,,0,,2025-08-17 12:54:27.978103+00,2025-08-17 12:54:27.978103+00
7fcd1ed7-a77a-43bb-ae68-ed977b042fd3,1781103798,audible,audiobook,9.78055E+12,The Tales of Beedle the Bard,J. K. Rowling,"Fantasy, Short stories","Warwick Davis, Noma Dumezweni, Jason Isaacs, Jude Law, Evanna Lynch, Sally Mortemore, Bonnie Wright",Hogwarts Library Books,0,0,2020-04-01 17:36:55.396+00,COMPLETED,,,0,,2025-08-17 12:54:27.978103+00,2025-08-17 12:54:27.978103+00
7fec9eef-808d-469e-bf06-245adfab23a9,B002VA99ZO,audible,audiobook,9.78031E+12,Last Light,Terri Blackstock,"Christian Fiction, Post-Apocalyptic, Suspense",Dick Hill,Restoration,4,1,2013-03-17 04:37:20+00,COMPLETED,,,5,,2025-08-17 12:54:27.978103+00,2025-08-17 12:54:27.978103+00
7ff653d6-cb47-4d28-8053-1438f2dba2bb,B007W4Z6TW,audible,audiobook,9.78006E+12,Insurgent,Veronica Roth,"Young adult, Dystopian",Emma Galvin,Divergent,0,2,2014-09-01 04:47:55.43+00,COMPLETED,,,0,,2025-08-17 12:54:27.978103+00,2025-08-17 12:54:27.978103+00
8058219d-c96a-49fd-919c-c6ff9c8497a4,63001713,audible,audiobook,9.78006E+12,Apocalypse Never,Michael Shellenberger,"Non-fiction, Environmental Studies",Stephen Graybill,,0,0,2020-12-25 02:16:40.461+00,COMPLETED,,,0,,2025-08-17 12:54:27.978103+00,2025-08-17 12:54:27.978103+00
812dac46-2905-4552-b59b-7406446af8d6,B00I3TBB9E,audible,audiobook,9.7815E+12,The Perseid Collapse,Steven Konkoly,"Post-apocalyptic, Thriller",John David Farrell,A Modern Thriller (Alex Fletcher,0,2,2015-08-16 19:49:40.197+00,COMPLETED,,,0,,2025-08-17 12:54:27.978103+00,2025-08-17 12:54:27.978103+00
813d9df4-4652-4723-b413-16c4c6792a03,B002V0PV0G,audible,audiobook,9.78032E+12,Hold Me Tight,Dr. Sue Johnson,"Psychology, Relationships",Sandra Burr,,0,0,2017-09-24 21:54:29.443+00,COMPLETED,,,0,,2025-08-17 12:54:27.978103+00,2025-08-17 12:54:27.978103+00
8152cbe2-829e-4838-b750-b143dda49bf3,1774242621,audible,audiobook,9.78152E+12,Valkyrie,Craig Alanson,"Science Fiction, Military, Space Opera, Humor",R.C. Bray,Expeditionary Force,20,9,2023-04-29 19:37:06.337+00,COMPLETED,,,8,,2025-08-17 12:54:27.978103+00,2025-08-17 12:54:27.978103+00
816adb39-28e2-40ed-a147-b7288e371d54,B002V59ZZI,audible,audiobook,9.78058E+12,Woken Furies,Richard K. Morgan,"Science Fiction, Cyberpunk",William Dufris,Takeshi Kovacs Trilogy,3,0,2024-05-28 23:19:15+00,COMPLETED,,,0,,2025-08-17 12:54:27.978103+00,2025-08-17 12:54:27.978103+00
8175717d-0259-4370-9b20-7870e2a1c770,B01N3QGA6N,audible,audiobook,9.78198E+12,Opening Moves,Cosimo Yap,"Science Fiction, LitRPG",Nick Podehl,The Gam3,0,1,2024-09-13 16:36:21.361+00,COMPLETED,,,0,,2025-08-17 12:54:27.978103+00,2025-08-17 12:54:27.978103+00
8222e42e-2746-4a09-84ca-5db993e76bf3,62473301,audible,audiobook,9.78006E+12,The Andromeda Evolution,Daniel H. Wilson,"Science Fiction, Thriller",Julia Whelan,The Andromeda Strain,0,0,2019-11-16 22:49:11.302+00,COMPLETED,,,0,,2025-08-17 12:54:27.978103+00,2025-08-17 12:54:27.978103+00
8486f2fe-61f9-4229-8240-1af137517ae9,B002V1O6X8,audible,audiobook,9.78058E+12,Altered Carbon,Richard K. Morgan,"Science Fiction, Cyberpunk",Todd McLaren,Takeshi Kovacs Trilogy,3,0,2024-05-28 23:17:17+00,COMPLETED,,,0,,2025-08-17 12:54:27.978103+00,2025-08-17 12:54:27.978103+00
84d6a2de-b3af-4743-85f9-e101d400423c,B0BP9LV7QV,audible,audiobook,9.78179E+12,Quantum Radio,A. G. Riddle,"Science Fiction, Thriller",Ray Porter,,0,0,2024-04-15 14:51:53.97+00,COMPLETED,,,0,,2025-08-17 12:54:27.978103+00,2025-08-17 12:54:27.978103+00
84f8cd10-1cfa-46a4-a15b-285c361bc9b1,B07FDG1TKC,audible,audiobook,9.78098E+12,The Forever,Carolyn McCray,"Thriller, Science Fiction",Scott Aiello,The Forever Series,0,1,2024-06-18 02:45:39.081+00,COMPLETED,,,0,,2025-08-17 12:54:27.978103+00,2025-08-17 12:54:27.978103+00
85c4418b-a04f-420f-bef3-a0a0ef80d132,B002V5BE1Q,audible,audiobook,9.78055E+12,"I, Robot",Isaac Asimov,"Science Fiction, Classic",Scott Brick,Robots,0,0,2021-03-12 01:22:19.362+00,COMPLETED,,,0,,2025-08-17 12:54:27.978103+00,2025-08-17 12:54:27.978103+00
8610b14c-f164-44fa-86fe-a8c3f237cc4e,B07C3DQCY2,audible,audiobook,9.78055E+12,Divided We Fall: A Post-Apocalyptic Novel of America's Coming Civil War,Trent Reedy,"Young Adult, Sci-Fi Thriller",Stacey Glemboski,Ava's Crucible,0,1,2018-05-01 04:34:42.961+00,COMPLETED,,,0,,2025-08-17 12:54:27.978103+00,2025-08-17 12:54:27.978103+00
8665eaf6-ebaf-4036-a1a2-8a9de20e9661,B002UZZ3X2,audible,audiobook,9.78006E+12,Body for Life,Bill Phillips,"Health, Fitness",Bill Phillips,,0,0,2016-01-14 05:57:40.846+00,COMPLETED,,,0,,2025-08-17 12:54:27.978103+00,2025-08-17 12:54:27.978103+00
879ac1ff-712b-41a8-83ab-63e35ccc4690,B00D6MYOTC,audible,audiobook,9.78085E+12,The Language of Love and Respect,Emerson Eggerichs,"Relationships, Self-help",Dr. Emerson Eggerichs,,0,0,2016-02-04 19:23:35.518+00,COMPLETED,,,0,,2025-08-17 12:54:27.978103+00,2025-08-17 12:54:27.978103+00
88173f57-1c13-4a4e-8a33-e66c726261a1,B078RV7BWR,audible,audiobook,9.78152E+12,Zero Hour,Craig Alanson,"Science Fiction, Military, Space Opera, Humor",R.C. Bray,Expeditionary Force,20,5,2022-12-12 22:24:33.593+00,COMPLETED,,,8,,2025-08-17 12:54:27.978103+00,2025-08-17 12:54:27.978103+00
89169fbc-fff5-4207-8668-e22b69dbfe39,B017V4JA2Q,audible,audiobook,9.78044E+12,Harry Potter and the Prisoner of Azkaban,J.K. Rowling,"Fantasy, Young Adult",Jim Dale,Harry Potter,0,3,2016-06-24 21:48:22.968+00,COMPLETED,,,10,,2025-08-17 12:54:27.978103+00,2025-08-17 12:54:27.978103+00
8a089dcf-a12e-4342-894b-5314163a029c,B00VF57G1U,audible,audiobook,9.78146E+12,A Greater Tomorrow,Julie Rowe,"Memoir, Near-death experience",Emma Daybell,,0,0,2015-06-24 00:43:53.602+00,COMPLETED,,,4,,2025-08-17 12:54:27.978103+00,2025-08-17 12:54:27.978103+00
8a388882-1fdd-4287-b4a6-a3681ed07cb3,B010TNYBI4,audible,audiobook,9.78163E+12,Invasion,"Johnny B. Truant, Sean Platt","Science Fiction, Alien Invasion",Caitlin Davies,Alien Invasion (Platt/Truant),0,1,2024-01-11 09:52:12.195+00,COMPLETED,,,0,,2025-08-17 12:54:27.978103+00,2025-08-17 12:54:27.978103+00
8a6db406-a48b-4c73-bb87-fc12370e5937,B002V8KJO6,audible,audiobook,9.78081E+12,The Trial,Franz Kafka,"Philosophical fiction, Classic",George Guidall,,0,0,2024-10-06 19:12:13+00,COMPLETED,,,0,,2025-08-17 12:54:27.978103+00,2025-08-17 12:54:27.978103+00
8a9e604c-5fe4-472e-a9cf-43bac8a1dbe5,B09G3ZMF95,audible,audiobook,9.78165E+12,Best Laid Plans,Tom Abrahams,"Post-apocalyptic, Thriller",Kevin Pierce,An EMP Post-Apocalyptic Survival Series (The Crusader,0,1,2024-05-21 16:04:49.054+00,COMPLETED,,,0,,2025-08-17 12:54:27.978103+00,2025-08-17 12:54:27.978103+00
8befe96f-c2de-4df7-9b91-a6a69da8f140,B005FRGT44,audible,audiobook,9.78031E+12,Ready Player One,Ernest Cline,"Science fiction, Dystopian",Wil Wheaton,Ready Player One,0,0,2018-03-04 17:27:49.075+00,COMPLETED,,,0,,2025-08-17 12:54:27.978103+00,2025-08-17 12:54:27.978103+00
8c17727b-0024-490e-89cd-4d3c94f5b5e4,B01N8YOXGG,audible,audiobook,9.78197E+12,SpaceMan,George S. Harvison,"Science Fiction, Post-apocalyptic",Kevin Pierce,The SpaceMan Chronicles,0,0,2022-02-28 06:16:59.941+00,COMPLETED,,,0,,2025-08-17 12:54:27.978103+00,2025-08-17 12:54:27.978103+00
8cd3338a-169f-4e85-bf06-07503b5313f3,B004UBBQ8K,audible,audiobook,9.78146E+12,Liberty Defined,Ron Paul,"Politics, Economics",Bob Craig,,0,0,2012-02-26 18:02:58+00,COMPLETED,,,0,,2025-08-17 12:54:27.978103+00,2025-08-17 12:54:27.978103+00
8e122d88-7946-456f-a6e7-eb0fedce3800,B002V8MDSQ,audible,audiobook,9.78006E+12,The Proper Care and Feeding of Marriage,Dr. Laura Schlessinger,"Self-help, Family & Relationships","Lily LoBianco, Dr. Laura Schlessinger",,0,0,2013-01-21 04:36:54+00,COMPLETED,,,0,,2025-08-17 12:54:27.978103+00,2025-08-17 12:54:27.978103+00
8f1acac8-7db9-4667-bb29-5ecb1534ea19,1982605332,audible,audiobook,9.78198E+12,The Trackers Series Box Set,Nicholas Sansbury Smith,"Post-apocalyptic, Thriller",Bronson Pinchot,The Trackers Series,0,0,2018-12-02 14:15:45.222+00,COMPLETED,,,0,,2025-08-17 12:54:27.978103+00,2025-08-17 12:54:27.978103+00
8f5095b0-811c-432b-935a-92fead2c691d,B09HVFW4WJ,audible,audiobook,9.78195E+12,This Long Vigil,Chandler Klang Smith,Science Fiction,Ray Porter,,0,0,2025-06-18 03:52:52+00,COMPLETED,,,0,,2025-08-17 12:54:27.978103+00,2025-08-17 12:54:27.978103+00
8f663c26-2a51-4230-96c0-b060a1a67b6c,B0F7585H1K,audible,audiobook,9.78198E+12,Flybot,Michael Crichton (fictional attribution placeholder),Science Fiction,Ray Porter,,0,0,2025-06-26 07:01:33.555+00,COMPLETED,,,9,,2025-08-17 12:54:27.978103+00,2025-08-17 12:54:27.978103+00
8f808629-b3b5-41f2-911e-37a897f0fb9d,B00UZJFPVU,audible,audiobook,9.78099E+12,Persecution,Mark Goodwin,"Christian fiction, Post-apocalyptic",Kevin Pierce,The Days of Noah,0,2,2015-03-23 21:36:48.622+00,COMPLETED,,,0,,2025-08-17 12:54:27.978103+00,2025-08-17 12:54:27.978103+00
910e71ba-c73e-43cb-83a2-76232fc49745,B072YT17GJ,audible,audiobook,9.78197E+12,Trouble on Paradise,Craig Alanson,"Science Fiction, Military Sci-Fi, Space Opera",R.C. Bray,Expeditionary Force,15,4,2023-03-24 15:48:02.747+00,COMPLETED,,,8,,2025-08-17 12:54:27.978103+00,2025-08-17 12:54:27.978103+00
9159a6fe-fbc5-403a-aaf0-b4df3d02b440,B06W5861HP,audible,audiobook,9.78152E+12,SpecOps,Craig Alanson,"Science Fiction, Military, Space Opera, Humor",R.C. Bray,Expeditionary Force,20,2,2022-11-26 18:46:55.928+00,COMPLETED,,,8,,2025-08-17 12:54:27.978103+00,2025-08-17 12:54:27.978103+00
9177fd49-f98b-41d6-8e4c-58ca49797026,B01MDKQ4MA,audible,audiobook,9.78153E+12,Unexpected World,Chris Pike,"Post-apocalyptic, Survival",Kevin Pierce,The EMP Survivor Series,0,1,2020-09-11 02:29:19.259+00,COMPLETED,,,0,,2025-08-17 12:54:27.978103+00,2025-08-17 12:54:27.978103+00
924cc028-f766-4f67-b20c-ade1cf4fb0e3,1984886878,audible,audiobook,9.78198E+12,Recursion,Blake Crouch,"Science Fiction, Thriller","Jon Lindstrom, Abby Craden",,0,0,2024-05-21 16:04:49.054+00,COMPLETED,,,0,,2025-08-17 12:54:27.978103+00,2025-08-17 12:54:27.978103+00
944b1b5d-1d4f-443f-aa75-c428d9ff0000,B00XWDQ8LC,audible,audiobook,9.78099E+12,Secession: The Storm,Mark Goodwin,"Dystopian, Political fiction",Dave Wright,Secession,0,0,2015-07-04 00:28:41.111+00,COMPLETED,,,0,,2025-08-17 12:54:27.978103+00,2025-08-17 12:54:27.978103+00
950429aa-8f9b-4870-8081-fcbbad46ca79,B07HY7TSLY,audible,audiobook,9.7815E+12,True Believer,Jack Carr,"Thriller, Military Fiction",Ray Porter,Terminal List Book Series,0,2,2023-09-23 15:18:20.248+00,COMPLETED,,,6,,2025-08-17 12:54:27.978103+00,2025-08-17 12:54:27.978103+00
95180486-abdd-4212-af90-26980541b186,B06XH67W6G,audible,audiobook,9.78197E+12,Solitude,Dean M. Cole,"Science Fiction, Post-apocalyptic","R.C. Bray, Julia Whelan",Dimension Space,0,1,2024-08-27 00:18:23.757+00,COMPLETED,,,8,,2025-08-17 12:54:27.978103+00,2025-08-17 12:54:27.978103+00
95daa91e-5e01-4e22-8189-051bff8370ba,B002V0Q4PC,audible,audiobook,9.78142E+12,The Last Olympian,Rick Riordan,"Fantasy, Young Adult",Jesse Bernstein,Percy Jackson and the Olympians,0,5,2021-07-17 02:55:02.926+00,COMPLETED,,,8,,2025-08-17 12:54:27.978103+00,2025-08-17 12:54:27.978103+00
967276d6-b60e-4854-a7e6-faea26de5750,B0BRQW3KR7,audible,audiobook,9.78174E+12,A Growth Mindset For Teens,Sydney Sheppard,"Young Adult, Nonfiction, Self-Help",Jennifer Allton,,0,0,2025-05-14 13:54:45.69+00,COMPLETED,,,0,,2025-08-17 12:54:27.978103+00,2025-08-17 12:54:27.978103+00
9682e133-cdae-4a1a-8615-f1534fe3cfe8,B08DDKMTM3,audible,audiobook,9.78194E+12,Upheaval,Mark Goodwin,"Christian Fiction, Post-apocalyptic",Kevin Pierce,The Beginning of Sorrows,0,3,2020-08-30 00:43:03.219+00,COMPLETED,,,0,,2025-08-17 12:54:27.978103+00,2025-08-17 12:54:27.978103+00
96831b84-0350-4599-8ce2-2b0f315f5e57,B01KMYZHJ2,audible,audiobook,9.78154E+12,36 Hours,Bobby Akart,Post-Apocalyptic Fiction,Kevin Pierce,The Blackout Series,0,1,2016-10-17 02:51:12.099+00,COMPLETED,,,0,,2025-08-17 12:54:27.978103+00,2025-08-17 12:54:27.978103+00
971ee9d3-aecd-40ca-b920-f1d8653ab78f,B00310OR0K,audible,audiobook,9.78077E+12,Impact,Douglas Preston,"Thriller, Science fiction",Scott Sowers,Wyman Ford,0,0,2010-01-08 03:49:51+00,COMPLETED,,,0,,2025-08-17 12:54:27.978103+00,2025-08-17 12:54:27.978103+00
9891e531-1455-4964-bfe0-099de198e2a6,B077TZR3TC,audible,audiobook,,The Seventh Vial: A Novel of the Great Tribulation,Mark Goodwin,"Christian, Science Fiction, Fantasy",Kevin Pierce,The Days of Elijah,4,4,2018-03-25 14:43:51.007+00,COMPLETED,,,0,,2025-08-17 12:54:27.978103+00,2025-08-17 12:54:27.978103+00
98e49573-2ce2-4252-a93f-0b9f75ff3194,B0BQNYR1QQ,audible,audiobook,9.78198E+12,Earthside,Dennis E. Taylor,"Science Fiction, Multiverse, Thriller",Ray Porter,Quantum Earth,2,2,2023-02-01 04:57:43.632+00,COMPLETED,,,5,,2025-08-17 12:54:27.978103+00,2025-08-17 12:54:27.978103+00
99c82efe-4683-45ef-890f-cdec64d70a18,B002V1OF70,audible,audiobook,9.78044E+12,Dune,Frank Herbert,"Science Fiction, Epic","Scott Brick, Orlagh Cassidy, Euan Morton, Simon Vance, Ilyana Kadushin, Byron Jennings, David R. Gordon, Jason Culp, Kent Broadhurst, Oliver Wyman, Patricia Kilgarriff, Scott Sowers",Dune,0,0,2021-10-18 21:57:40.446+00,COMPLETED,,,0,,2025-08-17 12:54:27.978103+00,2025-08-17 12:54:27.978103+00
99f13047-5341-4251-9e42-480da7106b7a,B072YT17GJ,audible,audiobook,9.78197E+12,Trouble on Paradise,Craig Alanson,"Science Fiction, Military Sci-Fi, Space Opera",R.C. Bray,Expeditionary Force,15,4,2023-03-24 15:48:02.747+00,COMPLETED,,,8,,2025-08-17 12:54:27.978103+00,2025-08-17 12:54:27.978103+00
9a93f32d-8d86-4f30-8299-396442cb3223,B072R1CY4P,audible,audiobook,9.78055E+12,Artemis,Andy Weir,Science Fiction,Rosario Dawson,,0,0,2022-11-04 00:43:20.336+00,COMPLETED,,,6,,2025-08-17 12:54:27.978103+00,2025-08-17 12:54:27.978103+00
9b5244ca-f682-4289-808e-22debf180b2b,1508287635,audible,audiobook,9.78148E+12,Unfreedom of the Press,Mark R. Levin,"Politics, Media Studies","Jeremy Lowell, Mark R. Levin - introduction and epilogue",,0,0,2019-06-04 10:20:19.06+00,COMPLETED,,,0,,2025-08-17 12:54:27.978103+00,2025-08-17 12:54:27.978103+00
9b6d272b-ccbe-4903-92db-1f909e97fcf6,B0792F5VBW,audible,audiobook,9.78185E+12,West Cork,Jo Kerrigan,"Photography, Travel","Sam Bungey, Jennifer Forde",West Cork,0,0,2018-03-20 23:31:37.626+00,COMPLETED,,,0,,2025-08-17 12:54:27.978103+00,2025-08-17 12:54:27.978103+00
9b81241e-70de-4917-94fe-2c8f6f2c91b0,1774246325,audible,audiobook,9.78152E+12,Brushfire,Craig Alanson,"Science Fiction, Military, Space Opera, Humor",R.C. Bray,Expeditionary Force,20,11,2023-05-28 22:38:18.707+00,COMPLETED,,,8,,2025-08-17 12:54:27.978103+00,2025-08-17 12:54:27.978103+00
9bd3cbfb-8993-4e74-b497-ab8e52f628c0,179993165X,audible,audiobook,9.78162E+12,The Parasitic Mind,Gad Saad,"Psychology, Non-fiction",Jim Meskimen,,0,0,2021-02-16 13:31:00+00,COMPLETED,,,0,,2025-08-17 12:54:27.978103+00,2025-08-17 12:54:27.978103+00
9c6e19e8-38d9-4cc9-bc9e-8fecef638d67,B0198R8TJO,audible,audiobook,9.78014E+12,The Chimes,Charles Dickens,"Classic, Holiday",Richard Armitage,,0,0,2015-12-13 15:48:29.899+00,COMPLETED,,,0,,2025-08-17 12:54:27.978103+00,2025-08-17 12:54:27.978103+00
a0fcd32e-7514-45e4-92f4-2f5f8d17c588,B009H8JG88,audible,audiobook,9.78142E+12,The Mark of Athena,Rick Riordan,"Fantasy, Young Adult",Joshua Swanson,The Heroes of Olympus,0,3,2025-01-19 17:29:59.708+00,COMPLETED,,,8,,2025-08-17 12:54:27.978103+00,2025-08-17 12:54:27.978103+00
a214558c-223a-4152-8f54-2bcaa93cb147,1982689714,audible,audiobook,9.78192E+12,And Then She Vanished,Nick Jones,"Science Fiction, Time Travel",Ray Porter,The Joseph Bridgeman Series,0,1,2023-03-24 16:39:46+00,COMPLETED,,,7,,2025-08-17 12:54:27.978103+00,2025-08-17 12:54:27.978103+00
a257afdf-0534-419b-8cd5-9c54be6d209b,B01N18A7R6,audible,audiobook,9.78045E+12,The Time Machine,H. G. Wells,"Science Fiction, Classic",John Banks,,0,0,2020-11-22 10:53:03.197+00,COMPLETED,,,0,,2025-08-17 12:54:27.978103+00,2025-08-17 12:54:27.978103+00
a420d763-9e4b-43ea-995f-18fa4da248f6,B01DTBGM12,audible,audiobook,,Legion of Despair,Franklin Horton,Post-Apocalyptic Fiction,Kevin Pierce,The Borrowed World,0,3,2016-05-28 16:51:47.036+00,COMPLETED,,,0,,2025-08-17 12:54:27.978103+00,2025-08-17 12:54:27.978103+00
a5e7c8db-740e-42a4-a737-0c7db49adc73,B007VEWUWY,audible,audiobook,9.78006E+12,The Selection,Kiera Cass,"Young adult, Romance, Dystopian",Amy Rubinate,The Selection,0,1,2015-08-08 04:04:47.684+00,COMPLETED,,,0,,2025-08-17 12:54:27.978103+00,2025-08-17 12:54:27.978103+00
a5f3813c-8039-4593-a815-5327254a59a1,B01CRGI04W,audible,audiobook,,Canyon,Tom Abrahams,Post-Apocalyptic Dystopian,Kevin Pierce,The Traveler (Abrahams),0,2,2016-04-14 02:09:46.666+00,COMPLETED,,,0,,2025-08-17 12:54:27.978103+00,2025-08-17 12:54:27.978103+00
a5ff9c20-e1bb-4857-b3de-e597cdac2a58,B0D38CR7BR,audible,audiobook,9.78152E+12,Task Force Hammer,Craig Alanson,"Science Fiction, Military, Space Opera, Humor",R.C. Bray,Expeditionary Force,20,17,2024-10-20 21:11:11.275+00,COMPLETED,,,8,,2025-08-17 12:54:27.978103+00,2025-08-17 12:54:27.978103+00
a78405de-d8ce-45bc-aa9b-60bd8b4cd2bc,B075RCM7Y1,audible,audiobook,9.78067E+12,Last Stand: The Complete Box Set,Nathaniel Philbrick,"History, Non-fiction",Kevin Stillwell,Last Stand (Weber),0,0,2018-06-11 01:29:56.569+00,COMPLETED,,,0,,2025-08-17 12:54:27.978103+00,2025-08-17 12:54:27.978103+00
a7c18ec9-f934-4a19-946d-9c3c6f1a6d94,B002V0M0SM,audible,audiobook,9.78031E+12,Night Light,Terri Blackstock,"Christian Fiction, Post-Apocalyptic, Suspense",Susie Breck,Restoration,4,2,2013-03-28 04:07:18+00,COMPLETED,,,5,,2025-08-17 12:54:27.978103+00,2025-08-17 12:54:27.978103+00
a848ff5d-c111-4f61-961b-67b24e80d96a,B09M4FKF2W,audible,audiobook,9.78164E+12,Cinder-Nanny,Christie Craig,"Romance, Contemporary",Marli Watson,,0,0,2022-10-02 11:24:22.487+00,COMPLETED,,,0,,2025-08-17 12:54:27.978103+00,2025-08-17 12:54:27.978103+00
aaf0cf63-355e-454f-a881-3eabea6fca2e,B0C6FLJTM8,audible,audiobook,9.78152E+12,Aftermath,Craig Alanson,"Science Fiction, Military, Space Opera, Humor",R.C. Bray,Expeditionary Force,20,16,2024-01-11 09:46:50.974+00,COMPLETED,,,8,,2025-08-17 12:54:27.978103+00,2025-08-17 12:54:27.978103+00
ab23c8fb-c99d-444a-bb5b-7c34f41842f0,B002V0M0SM,audible,audiobook,9.78031E+12,Night Light,Terri Blackstock,"Christian Fiction, Post-Apocalyptic, Suspense",Susie Breck,Restoration,4,2,2013-03-28 04:07:18+00,COMPLETED,,,5,,2025-08-17 12:54:27.978103+00,2025-08-17 12:54:27.978103+00
ae0e8d8f-9fdf-4397-99a7-bddc4e4eb591,B00JLPZCZS,audible,audiobook,9.78151E+12,Event Horizon,Steven Konkoly,"Post-apocalyptic, Thriller",John David Farrell,A Modern Thriller (Alex Fletcher,0,3,2015-08-20 03:12:07.493+00,COMPLETED,,,0,,2025-08-17 12:54:27.978103+00,2025-08-17 12:54:27.978103+00
aeea22cb-11ca-4811-ae1f-d01f0a522dbc,B005QDNL6Q,audible,audiobook,9.78144E+12,Survivors: A Novel of the Coming Collapse,James Wesley Rawles,"Post-apocalyptic, Survival",Dick Hill,A Novel of the Coming Collapse (Coming Collapse,0,2,2012-02-29 13:21:06+00,COMPLETED,,,0,,2025-08-17 12:54:27.978103+00,2025-08-17 12:54:27.978103+00
b18f990b-762a-4718-9cdf-d8bb7b37a7a7,B01B6MV1YE,audible,audiobook,,Home - A Post Apocalyptic/Dystopian Adventure,Tom Abrahams,Post-Apocalyptic Dystopian,Kevin Pierce,The Traveler (Abrahams),0,1,2016-03-21 03:58:19.884+00,COMPLETED,,,0,,2025-08-17 12:54:27.978103+00,2025-08-17 12:54:27.978103+00
b1b02282-e0d6-4875-8180-77280a30df25,B019J43338,audible,audiobook,9.78033E+12,Misspent Youth,Peter F. Hamilton,"Science Fiction, Space Opera",Steven Crossley,Commonwealth Saga,0,0,2024-05-28 23:31:52+00,COMPLETED,,,0,,2025-08-17 12:54:27.978103+00,2025-08-17 12:54:27.978103+00
b22bcc58-157d-4b4e-b63c-1d4d6b879711,1541481151,audible,audiobook,9.78149E+12,The 7 1/2 Deaths of Evelyn Hardcastle,Stuart Turton,"Mystery, Time Travel",James Cameron Stewart,,0,0,2024-11-14 14:31:44+00,COMPLETED,,,0,,2025-08-17 12:54:27.978103+00,2025-08-17 12:54:27.978103+00
b2426604-a8a9-4670-bc4e-bb8f23e5e501,B012BDN5TG,audible,audiobook,9.78014E+12,33 Strategies of War,Robert Greene,"Self-help, Strategy",Donald Coren,,0,0,2024-02-19 11:27:58+00,COMPLETED,,,0,,2025-08-17 12:54:27.978103+00,2025-08-17 12:54:27.978103+00
b2d02e1e-45b1-4b16-a21e-7f34f4a12e9e,B07BHVWFSM,audible,audiobook,9.78198E+12,The Singularity Trap,Dennis E. Taylor,"Science Fiction, First Contact, Space Opera",Ray Porter,,0,0,2019-06-04 10:20:19.06+00,COMPLETED,,,10,,2025-08-17 12:54:27.978103+00,2025-08-17 12:54:27.978103+00
b620e9ff-b771-4586-a9ca-ddfe45950278,B09LDDVX4B,audible,audiobook,9.78194E+12,False Flag,Mark Goodwin,"Christian Fiction, Thriller",Stacey Glemboski,A Post-Apocalyptic Tale of America's Impending Demise (American Wasteland,0,1,2022-01-08 05:37:47.735+00,COMPLETED,,,0,,2025-08-17 12:54:27.978103+00,2025-08-17 12:54:27.978103+00
b90c3f5b-e9cb-4457-96b6-c887a22afd94,B0CW23CC7L,audible,audiobook,9.78167E+12,Not Till We Are Lost,Dennis E. Taylor,"Science Fiction, Space Opera, AI Fiction",Ray Porter,Bobiverse,5,5,2024-09-05 07:05:51.098+00,COMPLETED,,,10,,2025-08-17 12:54:27.978103+00,2025-08-17 12:54:27.978103+00
ba35ee27-cd18-4e3f-bf0a-e7a24c769a71,B07PN7DPVD,audible,audiobook,9.78144E+12,H.G. Wells: The Science Fiction Collection,H. G. Wells,"Science Fiction, Classic","Hugh Bonneville, Jason Isaacs, Sophie Okonedo, David Tennant, Alexander Vlahos, Eli Roth - introduction",,0,0,2021-07-24 11:59:57+00,COMPLETED,,,0,,2025-08-17 12:54:27.978103+00,2025-08-17 12:54:27.978103+00
babe4c2f-e42c-461a-82d4-9c81b9695cdc,B00WYDJ2YQ,audible,audiobook,9.78014E+12,48 Laws of Power,Robert Greene,"Self-help, Strategy",Richard Poe,,0,0,2023-12-12 15:21:13+00,COMPLETED,,,0,,2025-08-17 12:54:27.978103+00,2025-08-17 12:54:27.978103+00
bbfc29b2-8cde-4a5e-bc97-5e84e46f08b7,1772306932,audible,audiobook,9.78152E+12,Mavericks,Craig Alanson,"Science Fiction, Military, Space Opera, Humor",R.C. Bray,Expeditionary Force: Mavericks,3,1,2023-01-03 03:42:47.333+00,COMPLETED,,,8,,2025-08-17 12:54:27.978103+00,2025-08-17 12:54:27.978103+00
bbfd9492-5d17-4409-8f61-80a273acdf25,1721337083,audible,audiobook,9.7815E+12,#Awestruck,Sariah Wilson,"Romance, Contemporary",Katie Koster,,0,0,2020-05-20 11:38:16.413+00,COMPLETED,,,0,,2025-08-17 12:54:27.978103+00,2025-08-17 12:54:27.978103+00
bc2ca2ea-0220-4668-8723-6c1ada5ff1e2,154915768X,audible,audiobook,9.78032E+12,Hold Me Tight,Sue Johnson,"Relationships, Psychology",Helen Keeley,,0,0,2025-07-12 21:11:36.706+00,COMPLETED,,,0,,2025-08-17 12:54:27.978103+00,2025-08-17 12:54:27.978103+00
bd466d40-0af6-447a-b3ff-bb94eadda2ae,198268979X,audible,audiobook,9.78192E+12,The Shadows of London,Nick Jones,"Science Fiction, Time Travel",Ray Porter,The Joseph Bridgeman Series,0,2,2023-03-24 16:39:58+00,COMPLETED,,,7,,2025-08-17 12:54:27.978103+00,2025-08-17 12:54:27.978103+00
be50f235-e095-4d80-bf89-cfd966e82009,B002UUKIR8,audible,audiobook,9.7816E+12,The Total Money Makeover,Dave Ramsey,"Financial self-help, Personal finance",Dave Ramsey,,0,0,2010-06-05 00:00:00+00,COMPLETED,,,0,,2025-08-17 12:54:27.978103+00,2025-08-17 12:54:27.978103+00
bfed04a5-a037-4798-9617-8bfc530e2eaa,B01HC3Z2AA,audible,audiobook,9.78053E+12,This Is Where You Belong,Melody Warnick,"Non-fiction, Self-help",Carrington MacDuffie,,0,0,2023-01-23 19:46:49+00,COMPLETED,,,0,,2025-08-17 12:54:27.978103+00,2025-08-17 12:54:27.978103+00
c0ea6b7e-109d-4ac0-b309-dd8bb35c8b28,B017V4NUPO,audible,audiobook,9.78044E+12,Harry Potter and the Goblet of Fire,J.K. Rowling,"Fantasy, Young Adult",Jim Dale,Harry Potter,0,4,2016-07-28 17:01:23.657+00,COMPLETED,,,10,,2025-08-17 12:54:27.978103+00,2025-08-17 12:54:27.978103+00
c2717e83-974b-41ca-8bb2-0a8db1b6bfa3,B00EV2NFQ4,audible,audiobook,9.78146E+12,The School Revolution,Ron Paul,"Education, Politics",Steve Coulter,,0,0,2019-06-04 10:20:19.06+00,COMPLETED,,,0,,2025-08-17 12:54:27.978103+00,2025-08-17 12:54:27.978103+00
c32ac702-b172-400e-93b0-b11a58d198d1,B00W8DA84U,audible,audiobook,9.78198E+12,Warship,Joshua Dalzelle,"Science Fiction, Space Opera",Mark Boyett,Black Fleet Trilogy,3,1,2025-07-24 21:27:44.927+00,COMPLETED,,,0,,2025-08-17 12:54:27.978103+00,2025-08-17 12:54:27.978103+00
c331c3f3-f792-4ae5-92ff-313cf3d89e03,B01N48VJFJ,audible,audiobook,9.78152E+12,Columbus Day,Craig Alanson,"Science Fiction, Military, Space Opera, Humor",R.C. Bray,Expeditionary Force,20,1,2021-12-08 05:13:21.044+00,COMPLETED,,,8,,2025-08-17 12:54:27.978103+00,2025-08-17 12:54:27.978103+00
c3f3c481-56fb-4894-a527-9ecccc6a9917,B002V8L8KU,audible,audiobook,9.78142E+12,The Battle of the Labyrinth,Rick Riordan,"Fantasy, Young Adult",Jesse Bernstein,Percy Jackson and the Olympians,0,4,2021-06-18 16:49:21.49+00,COMPLETED,,,8,,2025-08-17 12:54:27.978103+00,2025-08-17 12:54:27.978103+00
c4ad7335-75e7-47bb-a891-b9402864cfbb,B004HCNIDI,audible,audiobook,9.78159E+12,Attached,"Amir Levine, Rachel Heller","Psychology, Relationships",Walter Dixon,,0,0,2018-08-01 04:50:49.301+00,COMPLETED,,,0,,2025-08-17 12:54:27.978103+00,2025-08-17 12:54:27.978103+00
c4c3ea4f-3e3b-4e8b-950f-0f9c8cb1e0d7,059355244X,audible,audiobook,9.78059E+12,52 Ways to Walk,Annabel Streets,"Health, Lifestyle",Deryn Edwards,,0,0,2023-02-15 05:29:37.259+00,COMPLETED,,,0,,2025-08-17 12:54:27.978103+00,2025-08-17 12:54:27.978103+00
c604931a-435a-42f3-8872-9b784a35637d,B00NYBQKFQ,audible,audiobook,9.78031E+12,The Nightingale,Kristin Hannah,Historical fiction,Polly Stone,,0,0,2017-01-04 14:16:45.983+00,COMPLETED,,,0,,2025-08-17 12:54:27.978103+00,2025-08-17 12:54:27.978103+00
c6994138-022a-4a85-adf7-f4b8e28cfd7b,B002V8H87C,audible,audiobook,9.78074E+12,Man's Search for Ultimate Meaning,Viktor E. Frankl,"Philosophy, Psychology, Non-fiction",Grover Gardner,,0,0,2010-06-09 00:00:00+00,COMPLETED,,,0,,2025-08-17 12:54:27.978103+00,2025-08-17 12:54:27.978103+00
c864b214-e0c4-4f06-8ed7-be25dcba613c,B082BHJMFF,audible,audiobook,9.7808E+12,The Martian,Andy Weir,Science Fiction,Wil Wheaton,,0,0,2022-02-28 06:14:04.914+00,COMPLETED,,,10,,2025-08-17 12:54:27.978103+00,2025-08-17 12:54:27.978103+00
c896b077-3e2a-4928-b423-5072a415e1a2,B01N17THEO,audible,audiobook,9.78167E+12,For We Are Many,Dennis E. Taylor,"Science Fiction, Space Opera, AI Fiction",Ray Porter,Bobiverse,5,2,2019-07-10 23:37:51.826+00,COMPLETED,,,10,,2025-08-17 12:54:27.978103+00,2025-08-17 12:54:27.978103+00
c9766c29-9bbc-471e-9f81-a330f9e3aa2b,B081HG2XXH,audible,audiobook,9.78014E+12,Peter Pan,J. M. Barrie,"Fantasy, Childrens literature","Adeel Akhtar, Rupert Everett, Gerran Howell, Eleanor Worthington-Cox",Peter Pan,0,0,2019-12-10 10:28:50.865+00,COMPLETED,,,0,,2025-08-17 12:54:27.978103+00,2025-08-17 12:54:27.978103+00
ca76ce91-6278-4e29-8429-fab51069f9a0,B002V5B9SO,audible,audiobook,9.78045E+12,Daemon,Daniel Suarez,"Science Fiction, Thriller",Jeff Gurner,Daemon,0,0,2025-01-20 16:04:25.004+00,COMPLETED,,,0,,2025-08-17 12:54:27.978103+00,2025-08-17 12:54:27.978103+00
cac77acb-18c8-4c08-a802-1749f713bdef,B07WW91GLG,audible,audiobook,9.78059E+12,Viva Durant and the Secret of the Silver Buttons,Ashli St. Armant,"Mystery, Young Adult",Bahni Turpin,Viva Durant,0,0,2019-11-02 12:01:05.107+00,COMPLETED,,,0,,2025-08-17 12:54:27.978103+00,2025-08-17 12:54:27.978103+00
cbdd73e2-5a4a-4f3e-9e3a-377d52576740,B002V02CRQ,audible,audiobook,9.78067E+12,An American Life,Ronald Reagan,"Autobiography, Politics",Ronald Reagan,,0,0,2024-07-09 05:16:38.901+00,COMPLETED,,,8,,2025-08-17 12:54:27.978103+00,2025-08-17 12:54:27.978103+00
cc15660d-1f65-476a-b58d-0c51248609a3,B017V4IM1G,audible,audiobook,9.78059E+12,Harry Potter and the Sorcerer's Stone,J.K. Rowling,"Fantasy, Young Adult",Jim Dale,Harry Potter,0,1,2016-06-24 21:48:22.968+00,COMPLETED,,,10,,2025-08-17 12:54:27.978103+00,2025-08-17 12:54:27.978103+00
cce8b8e8-0120-40e8-82c4-a6277eff1ae4,B084WTKPHM,audible,audiobook,9.78198E+12,Final Days,"Nathan Hystad, R. C. Bray","Science Fiction, Thriller",Ray Porter,Final Days,0,1,2021-03-04 00:22:47.661+00,COMPLETED,,,0,,2025-08-17 12:54:27.978103+00,2025-08-17 12:54:27.978103+00
cd56705b-7801-4e8d-b499-f8083ba9b966,B014LLB1UG,audible,audiobook,9.78077E+12,One Year After,William R. Forstchen,"Science Fiction, Post-apocalyptic",Bronson Pinchot,A John Matherson Novel,0,0,2016-02-04 19:23:35.518+00,COMPLETED,,,0,,2025-08-17 12:54:27.978103+00,2025-08-17 12:54:27.978103+00
cec1c130-ad63-4760-821c-58a7f76446f7,B002UZKWWY,audible,audiobook,9.78077E+12,How One of You Can Bring the Two of You Together,Susan Page,"Self-help, Relationships",Susan Page,,0,0,2020-01-11 11:56:00.401+00,COMPLETED,,,0,,2025-08-17 12:54:27.978103+00,2025-08-17 12:54:27.978103+00
d14a7857-3051-4795-8cd9-a76149344f65,B002V0Q4PC,audible,audiobook,9.78142E+12,The Last Olympian,Rick Riordan,"Fantasy, Young Adult",Jesse Bernstein,Percy Jackson and the Olympians,0,5,2021-07-17 02:55:02.926+00,COMPLETED,,,8,,2025-08-17 12:54:27.978103+00,2025-08-17 12:54:27.978103+00
d4325f29-fbc4-4a9e-8344-c9a8527a5984,B002UZL9G2,audible,audiobook,9.78045E+12,Atlas Shrugged,Ayn Rand,"Philosophical fiction, Objectivism, Classic",Scott Brick,,0,0,2010-06-09 00:00:00+00,COMPLETED,,,0,,2025-08-17 12:54:27.978103+00,2025-08-17 12:54:27.978103+00
d528ca43-6c09-431e-a031-4edb3c075c7b,1774248050,audible,audiobook,9.78152E+12,Breakaway,Craig Alanson,"Science Fiction, Military, Space Opera, Humor",R.C. Bray,Expeditionary Force,20,12,2023-06-12 02:39:29.744+00,COMPLETED,,,8,,2025-08-17 12:54:27.978103+00,2025-08-17 12:54:27.978103+00
d5858f4c-6f58-4bd5-972f-32d5c3120967,B08G9PRS1K,audible,audiobook,9.78059E+12,Project Hail Mary,Andy Weir,"Science Fiction, Thriller",Ray Porter,,0,0,2022-02-12 04:03:40.988+00,COMPLETED,,,10,2025-08-12 01:14:18.401634+00,2025-08-17 12:54:27.978103+00,2025-08-17 12:54:27.978103+00
d5991561-665b-4b11-9b26-4425910c0e63,B017V4IWVG,audible,audiobook,9.78044E+12,Harry Potter and the Chamber of Secrets,J.K. Rowling,"Fantasy, Young Adult",Jim Dale,Harry Potter,0,2,2016-06-24 21:48:22.968+00,COMPLETED,,,10,,2025-08-17 12:54:27.978103+00,2025-08-17 12:54:27.978103+00
d6a15646-c989-401b-b861-164abd36e250,B00DUFZFUC,audible,audiobook,9.78159E+12,The End,Salvatore Scibona,Literary fiction,Joseph Morton,The New World Series (Hopf),0,0,2013-10-04 00:00:00+00,COMPLETED,,,0,,2025-08-17 12:54:27.978103+00,2025-08-17 12:54:27.978103+00
d7bab734-717c-4014-acfb-ef4eb7434e72,B002V19RO6,audible,audiobook,9.78045E+12,1984,George Orwell,"Dystopian, Political fiction",Simon Prebble,,0,0,2020-08-01 13:40:04.279+00,COMPLETED,,,0,,2025-08-17 12:54:27.978103+00,2025-08-17 12:54:27.978103+00
d83a505e-3297-4898-9055-1a139a0ed222,B00VGSQTHS,audible,audiobook,9.78006E+12,The Andromeda Strain,Michael Crichton,"Science Fiction, Medical Thriller",David Morse,The Andromeda Strain,0,0,2019-11-24 23:17:32.9+00,COMPLETED,,,0,,2025-08-17 12:54:27.978103+00,2025-08-17 12:54:27.978103+00
d908003e-4743-45d2-9ac2-2174d6dd1b22,B00CYKDYBQ,audible,audiobook,9.7816E+12,The Power of Vulnerability,Brene Brown,"Psychology, Self-Help",Bren Brown,,0,0,2019-09-29 12:11:30.254+00,COMPLETED,,,0,,2025-08-17 12:54:27.978103+00,2025-08-17 12:54:27.978103+00
d9da9bd7-b532-4503-a032-79658051ce50,B0789TCVWB,audible,audiobook,9.7815E+12,#Starstruck,Sariah Wilson,"Romance, Young Adult",Bailey Carr,A #Lovestruck Novel,0,0,2025-03-31 23:07:08.884+00,COMPLETED,,,0,,2025-08-17 12:54:27.978103+00,2025-08-17 12:54:27.978103+00
da763643-99c6-4d90-9c0b-4d45ca87dc6c,B00H7K0PTM,audible,audiobook,9.78015E+12,Brainstorm,Daniel J. Siegel,"Psychology, Neuroscience",Daniel J. Siegel M.D.,,0,0,2019-01-13 21:05:24.815+00,COMPLETED,,,0,,2025-08-17 12:54:27.978103+00,2025-08-17 12:54:27.978103+00
db1dc8f2-b5cc-4c18-976b-9264c573a25e,B002VA99ZO,audible,audiobook,9.78031E+12,Last Light,Terri Blackstock,"Christian Fiction, Post-Apocalyptic, Suspense",Dick Hill,Restoration,4,1,2013-03-17 04:37:20+00,COMPLETED,,,5,,2025-08-17 12:54:27.978103+00,2025-08-17 12:54:27.978103+00
dbee5586-41ef-450e-a43e-ac803cdadf61,B003ZFO3FA,audible,audiobook,9.78045E+12,Journey to the Center of the Earth: A Signature Performance by Tim Curry,Jules Verne,"Science Fiction, Classic",Tim Curry,,0,0,2020-11-22 10:51:03+00,COMPLETED,,,0,,2025-08-17 12:54:27.978103+00,2025-08-17 12:54:27.978103+00
dcaed1c1-7264-4834-aa7a-d0e587db4fe2,B078SG5VPQ,audible,audiobook,9.7815E+12,The Terminal List,Jack Carr,"Thriller, Military Fiction",Ray Porter,Terminal List Book Series,0,0,2022-07-31 22:38:39.928+00,COMPLETED,,,6,,2025-08-17 12:54:27.978103+00,2025-08-17 12:54:27.978103+00
dd3c2176-9a20-4246-8b86-2c1ebd96b0f2,B09V1X64YV,audible,audiobook,9.78152E+12,Match Game,Craig Alanson,"Science Fiction, Military, Space Opera, Humor",R.C. Bray,Expeditionary Force,20,14,2023-07-05 15:03:05.21+00,COMPLETED,,,8,,2025-08-17 12:54:27.978103+00,2025-08-17 12:54:27.978103+00
df44f3c7-bc3c-464d-af7c-5c2221e25657,B00GCROVF0,audible,audiobook,9.78099E+12,Through Many Fires,Kyle Pratt,"Post-apocalyptic, Survival",Kevin Pierce,Strengthen What Remains,0,0,2016-02-04 19:23:35.518+00,COMPLETED,,,0,,2025-08-17 12:54:27.978103+00,2025-08-17 12:54:27.978103+00
df6e2c6a-b72a-453f-a0c3-97635aa6577b,177424361X,audible,audiobook,9.78152E+12,Critical Mass,Craig Alanson,"Science Fiction, Military, Space Opera, Humor",R.C. Bray,Expeditionary Force,20,10,2023-05-17 22:23:12.664+00,COMPLETED,,,8,,2025-08-17 12:54:27.978103+00,2025-08-17 12:54:27.978103+00
df9637a4-2129-4eb2-816e-aa23e9e6b159,B002V0Q70E,audible,audiobook,9.78142E+12,The Sea of Monsters,Rick Riordan,"Fantasy, Young Adult",Jesse Bernstein,Percy Jackson and the Olympians,0,2,2021-05-30 10:23:26.521+00,COMPLETED,,,8,,2025-08-17 12:54:27.978103+00,2025-08-17 12:54:27.978103+00
dfed9f75-46ee-4b84-b6e4-8fc973a0c145,1774248050,audible,audiobook,9.78152E+12,Breakaway,Craig Alanson,"Science Fiction, Military, Space Opera, Humor",R.C. Bray,Expeditionary Force,20,12,2023-06-12 02:39:29.744+00,COMPLETED,,,8,,2025-08-17 12:54:27.978103+00,2025-08-17 12:54:27.978103+00
dfee5fea-a4fa-45eb-a6e9-43060496044b,B08FCW35B1,audible,audiobook,9.7816E+12,Murder by Other Means,John Scalzi,"Science Fiction, Thriller",Zachary Quinto,The Dispatcher,0,2,2023-04-01 13:59:23+00,COMPLETED,,,0,,2025-08-17 12:54:27.978103+00,2025-08-17 12:54:27.978103+00
e22b6ba1-b6c6-4c7a-802d-ae6649d60626,B07PBDB4HL,audible,audiobook,9.7818E+12,Feast of the Locusts: A Post-Apocalyptic Techno-Thriller (Cyber Armageddon),"Johnathan Yanez, Justin Sloan","Techno-thriller, Post-apocalyptic",Stacey Glemboski,Cyber Armageddon,0,0,2019-09-17 22:34:55.527+00,COMPLETED,,,0,,2025-08-17 12:54:27.978103+00,2025-08-17 12:54:27.978103+00
e49aa8dd-7ff3-4331-bbd1-8c9cc701cb83,B077R7CZNN,audible,audiobook,9.78043E+12,Aces,Jack Higgins,"Thriller, War Fiction",MacLeod Andrews,Aces,0,1,2024-12-19 16:46:29.653+00,COMPLETED,,,0,,2025-08-17 12:54:27.978103+00,2025-08-17 12:54:27.978103+00
e4c532c8-785a-4eb5-ad56-9a2312ddd36d,B09FR4D8MC,audible,audiobook,9.78152E+12,Fallout,Craig Alanson,"Science Fiction, Military, Space Opera, Humor",R.C. Bray,Expeditionary Force,20,13,2023-07-10 01:40:06.941+00,COMPLETED,,,8,,2025-08-17 12:54:27.978103+00,2025-08-17 12:54:27.978103+00
e4d23bd2-6e7f-4203-bebe-8608cd9312df,B0F6R29JP7,audible,audiobook,9.78198E+12,Rich Girl Summer,Lily Chu,"Contemporary Fiction, Romance","Phillipa Soo, Steven Pasquale",,0,0,2025-07-10 19:12:20+00,COMPLETED,,,0,,2025-08-17 12:54:27.978103+00,2025-08-17 12:54:27.978103+00
e51f8599-688c-42b3-b408-33dea23ced69,B072R1CY4P,audible,audiobook,9.78055E+12,Artemis,Andy Weir,Science Fiction,Rosario Dawson,,0,0,2022-11-04 00:43:20.336+00,COMPLETED,,,6,,2025-08-17 12:54:27.978103+00,2025-08-17 12:54:27.978103+00
e6f566f4-c1d7-4147-a09f-ad30e9671a23,B002V0A7X2,audible,audiobook,9.78007E+12,Influencer,Joseph Grenny,"Business, Self-help",Eric Conger,,0,0,2011-03-11 21:28:57+00,COMPLETED,,,0,,2025-08-17 12:54:27.978103+00,2025-08-17 12:54:27.978103+00
e8f37451-aff1-45b3-a32f-41bb6c507368,B002V0JZOO,audible,audiobook,9.78079E+12,The Lightning Thief,Rick Riordan,"Fantasy, Young Adult",Jesse Bernstein,Percy Jackson and the Olympians,0,1,2021-05-22 21:47:36.613+00,COMPLETED,,,8,,2025-08-17 12:54:27.978103+00,2025-08-17 12:54:27.978103+00
e98bc5d9-6f30-4c19-9d93-5080407cf1b4,B0847SQGTQ,audible,audiobook,9.78059E+12,The In Between,Marc Klein,"Young Adult, Romance","Brittany Pressley, Mark Boyett",,0,0,2022-01-03 18:58:10.373+00,COMPLETED,,,0,,2025-08-17 12:54:27.978103+00,2025-08-17 12:54:27.978103+00
eb4fd683-32cf-4fc6-82e9-040e784f951d,B0C6FLJTM8,audible,audiobook,9.78152E+12,Aftermath,Craig Alanson,"Science Fiction, Military, Space Opera, Humor",R.C. Bray,Expeditionary Force,20,16,2024-01-11 09:46:50.974+00,COMPLETED,,,8,,2025-08-17 12:54:27.978103+00,2025-08-17 12:54:27.978103+00
eb7904e6-96ca-4781-9beb-1329fa5f88e3,B002V1NQAW,audible,audiobook,,The Revolution,Jennifer Donnelly,"Young adult, Historical fiction",Bob Craig,,0,0,2012-04-22 12:06:05+00,COMPLETED,,,0,,2025-08-17 12:54:27.978103+00,2025-08-17 12:54:27.978103+00
ebc068d8-8530-45d7-bed1-66e7dfd70b07,B084C2NRGS,audible,audiobook,9.78165E+12,First Encounter,"J. N. Chaney, Terry Maggert","Science Fiction, Space Opera",Ben Jaeger-Thomas,Ascension Wars,0,1,2022-04-02 01:26:21.594+00,COMPLETED,,,0,,2025-08-17 12:54:27.978103+00,2025-08-17 12:54:27.978103+00
ebff94c1-ebd9-4723-a6e1-d2a486c4a4f6,B09HT9DK5B,audible,audiobook,9.78058E+12,Better than Happy,Jody Moore,"Self-help, Personal Development",Jody Moore,,0,0,2023-08-08 16:22:37.853+00,COMPLETED,,,0,,2025-08-17 12:54:27.978103+00,2025-08-17 12:54:27.978103+00
ec51a023-1044-4683-a4a3-10571d1bcd09,B00SU7W8J6,audible,audiobook,,A Time to Endure,Kyle Pratt,Post-Apocalyptic Fiction,Kevin Pierce,Strengthen What Remains,0,2,2016-03-13 02:52:18.782+00,COMPLETED,,,0,,2025-08-17 12:54:27.978103+00,2025-08-17 12:54:27.978103+00
ed49495c-5f43-4dd3-8961-a7af2ebde291,B07CBZ2HV3,audible,audiobook,9.78162E+12,Retrain Your Brain: Cognitive Behavioral Therapy in 7 Weeks: A Workbook for Managing Depression and Anxiety,Seth J. Gillihan,"Psychology, Self-help",Timothy Andres Pabon,,0,0,2022-09-14 12:32:20+00,COMPLETED,,,0,,2025-08-17 12:54:27.978103+00,2025-08-17 12:54:27.978103+00
eee398a8-6120-49ce-8ce3-0bb0caf74fa0,1524779261,audible,audiobook,9.78074E+12,Atomic Habits,James Clear,"Self-help, Productivity",James Clear,,0,0,2019-03-08 19:09:43.235+00,COMPLETED,,,0,,2025-08-17 12:54:27.978103+00,2025-08-17 12:54:27.978103+00
eefd45fb-df30-4313-bfa0-26dc5c77fb89,B075NMRZTR,audible,audiobook,9.78152E+12,Black Ops,Craig Alanson,"Science Fiction, Military, Space Opera, Humor",R.C. Bray,Expeditionary Force,20,4,2022-12-12 22:32:12.098+00,COMPLETED,,,8,,2025-08-17 12:54:27.978103+00,2025-08-17 12:54:27.978103+00
ef021bda-11e6-4f91-9b01-0c249367ba28,B00ZB7Q1RS,audible,audiobook,9.78163E+12,Cognitive Behavioral Therapy,Jason M. Satterfield,"Psychology, Self-help",Jason M. Satterfield,The Great Courses: Better Living,0,0,2019-09-29 12:11:30.254+00,COMPLETED,,,0,,2025-08-17 12:54:27.978103+00,2025-08-17 12:54:27.978103+00
ef767627-fba6-4a30-aec4-27e423bb72a1,B071GRN6LF,audible,audiobook,9.78194E+12,Vengeance,Mark Goodwin,"Christian fiction, Post-apocalyptic",Kevin Pierce,"Seven Cows, Ugly and Gaunt",0,4,2017-10-27 03:09:50.592+00,COMPLETED,,,0,,2025-08-17 12:54:27.978103+00,2025-08-17 12:54:27.978103+00
f07c4561-e810-43e1-94eb-fec224a6a13d,B0BQNYR1QQ,audible,audiobook,9.78198E+12,Earthside,Dennis E. Taylor,"Science Fiction, Multiverse, Thriller",Ray Porter,Quantum Earth,2,2,2023-02-01 04:57:43.632+00,COMPLETED,,,5,,2025-08-17 12:54:27.978103+00,2025-08-17 12:54:27.978103+00
f0a4465c-6fa0-46e5-a89d-f92e80a975e6,1772309141,audible,audiobook,9.78152E+12,Homefront: An Expeditionary Force Audio Drama Special,Craig Alanson,"Science Fiction, Military, Space Opera, Humor","Zachary Quinto, R.C. Bray, Kate Mulgrew, Robert Picardo, Lisa Renee Pitts, P. J. Ochlan, Peter Berkrot, full cast",Expeditionary Force,20,7,2024-05-15 00:34:07.501+00,COMPLETED,,,8,,2025-08-17 12:54:27.978103+00,2025-08-17 12:54:27.978103+00
f20d4230-0157-4e90-8795-07bb55a76dd4,B00CS398EQ,audible,audiobook,9.78006E+12,Allegiant,Veronica Roth,"Young adult, Dystopian","Emma Galvin, Aaron Stanford",Divergent Trilogy,3,3,2015-04-22 00:09:40.125+00,COMPLETED,,,0,,2025-08-17 12:54:27.978103+00,2025-08-17 12:54:27.978103+00
f315c290-8cce-41e0-b44b-f635d720fb3e,B088C4DBYP,audible,audiobook,9.78167E+12,Heaven's River,Dennis E. Taylor,"Science Fiction, Space Opera, AI Fiction",Ray Porter,Bobiverse,5,4,2020-08-24 01:19:37.888+00,COMPLETED,,,10,,2025-08-17 12:54:27.978103+00,2025-08-17 12:54:27.978103+00
f43ede95-1976-4cb9-bd8b-31cb556b2f78,B075NMRZTR,audible,audiobook,9.78152E+12,Black Ops,Craig Alanson,"Science Fiction, Military, Space Opera, Humor",R.C. Bray,Expeditionary Force,20,4,2022-12-12 22:32:12.098+00,COMPLETED,,,8,,2025-08-17 12:54:27.978103+00,2025-08-17 12:54:27.978103+00
f69b856c-ff7b-4897-90f6-09cf4e5dd520,B0B8387XQX,audible,audiobook,9.7816E+12,Travel by Bullet,John Scalzi,"Science Fiction, Thriller",Zachary Quinto,The Dispatcher,0,3,2023-01-27 03:43:25+00,COMPLETED,,,0,,2025-08-17 12:54:27.978103+00,2025-08-17 12:54:27.978103+00
f69c2db8-7e85-4b00-90d4-37e12e973227,B09HW5NYSY,audible,audiobook,9.78165E+12,Backyard Starship,"J. N. Chaney, Terry Maggert","Science Fiction, Space Opera",Jeffrey Kafer,Backyard Starship,0,1,2024-08-07 09:37:43.708+00,COMPLETED,,,0,,2025-08-17 12:54:27.978103+00,2025-08-17 12:54:27.978103+00
f86ad987-6033-48cf-b2dc-f4a9c3066a9c,B07RNVGVQV,audible,audiobook,9.7818E+12,Reign of the Locusts,"Johnathan Yanez, Justin Sloan","Techno-thriller, Post-apocalyptic",Stacey Glemboski,Cyber Armageddon,0,3,2019-12-31 13:22:42.973+00,COMPLETED,,,0,,2025-08-17 12:54:27.978103+00,2025-08-17 12:54:27.978103+00
f8e8eacd-c336-4639-a223-5f6ef9bb65c6,1772308633,audible,audiobook,9.78152E+12,Renegades,Craig Alanson,"Science Fiction, Military, Space Opera, Humor",R.C. Bray,Expeditionary Force,20,7,2023-01-08 01:13:01.027+00,COMPLETED,,,8,,2025-08-17 12:54:27.978103+00,2025-08-17 12:54:27.978103+00
fa8c712c-2b76-4ea2-a004-3a2079e7dc78,B07PP44743,audible,audiobook,9.78198E+12,Outland,Dennis E. Taylor,"Science Fiction, Multiverse, Thriller",Ray Porter,Quantum Earth,2,1,2019-06-01 04:15:16.893+00,COMPLETED,,,10,,2025-08-17 12:54:27.978103+00,2025-08-17 12:54:27.978103+00
fd5862d3-27b3-4bc4-83b3-74e4131437f4,593396960,audible,audiobook,9.78152E+12,Ready Player Two,Ernest Cline,"Science Fiction, Dystopian",Wil Wheaton,Ready Player One,0,0,2020-11-24 08:05:36.43+00,COMPLETED,,,0,,2025-08-17 12:54:27.978103+00,2025-08-17 12:54:27.978103+00
ffc51789-f6ac-4efa-bb85-e2b1f5ff1beb,1772309141,audible,audiobook,9.78152E+12,Homefront: An Expeditionary Force Audio Drama Special,Craig Alanson,"Science Fiction, Military, Space Opera, Humor","Zachary Quinto, R.C. Bray, Kate Mulgrew, Robert Picardo, Lisa Renee Pitts, P. J. Ochlan, Peter Berkrot, full cast",Expeditionary Force,20,7,2024-05-15 00:34:07.501+00,COMPLETED,,,8,,2025-08-17 12:54:27.978103+00,2025-08-17 12:54:27.978103+00